{
	"sonic_walk2_0":  { "File": "A_stuff.bmp", "Rect": "0,12,48,48", "Center": "24,27" },
	"sonic_walk2_1":  { "File": "A_stuff.bmp", "Rect": "50,12,48,48", "Center": "24,27" },
	"sonic_walk2_2":  { "File": "A_stuff.bmp", "Rect": "100,12,48,48", "Center": "24,27" },
	"sonic_walk2_3":  { "File": "A_stuff.bmp", "Rect": "150,12,48,48", "Center": "24,27" },
	"sonic_walk2_4":  { "File": "A_stuff.bmp", "Rect": "200,12,48,48", "Center": "24,27" },
	"sonic_walk2_5":  { "File": "A_stuff.bmp", "Rect": "250,12,48,48", "Center": "24,27" },
	"sonic_walk2_6":  { "File": "A_stuff.bmp", "Rect": "300,12,48,48", "Center": "24,27" },
	"sonic_walk2_7":  { "File": "A_stuff.bmp", "Rect": "350,12,48,48", "Center": "24,27" },
	"sonic_walk2_8":  { "File": "A_stuff.bmp", "Rect": "400,12,48,48", "Center": "24,27" },
	"sonic_walk2_9":  { "File": "A_stuff.bmp", "Rect": "450,12,48,48", "Center": "24,27" },
	"sonic_walk2_10":  { "File": "A_stuff.bmp", "Rect": "500,12,48,48", "Center": "24,27" },
	"sonic_walk2_11":  { "File": "A_stuff.bmp", "Rect": "550,12,48,48", "Center": "24,27" },
	"sonic_run2_0":  { "File": "A_stuff.bmp", "Rect": "707,12,48,48", "Center": "24,27" },
	"sonic_run2_1":  { "File": "A_stuff.bmp", "Rect": "757,12,48,48", "Center": "24,27" },
	"sonic_run2_2":  { "File": "A_stuff.bmp", "Rect": "807,12,48,48", "Center": "24,27" },
	"sonic_run2_3":  { "File": "A_stuff.bmp", "Rect": "857,12,48,48", "Center": "24,27" },
	"sonic_run2_4":  { "File": "A_stuff.bmp", "Rect": "907,12,48,48", "Center": "24,27" },
	"sonic_run2_5":  { "File": "A_stuff.bmp", "Rect": "957,12,48,48", "Center": "24,27" },
	"sonic_run2_6":  { "File": "A_stuff.bmp", "Rect": "1007,12,48,48", "Center": "24,27" },
	"sonic_run2_7":  { "File": "A_stuff.bmp", "Rect": "1057,12,48,48", "Center": "24,27" },
	"sonic_stand_0":  { "File": "A_stuff.bmp", "Rect": "1107,12,48,48", "Center": "24,27" },
	"sonic_stand_1":  { "File": "A_stuff.bmp", "Rect": "1157,12,48,48", "Center": "24,27" },
	"sonic_stand_2":  { "File": "A_stuff.bmp", "Rect": "1207,12,48,48", "Center": "24,27" },
	"sonic_stand_3":  { "File": "A_stuff.bmp", "Rect": "1257,12,48,48", "Center": "24,27" },
	"sonic_stand_4":  { "File": "A_stuff.bmp", "Rect": "1307,12,48,48", "Center": "24,27" },
	"sonic_fallCD_0":  { "File": "A_stuff.bmp", "Rect": "0,70,48,48", "Center": "24,27" },
	"sonic_fallCD_1":  { "File": "A_stuff.bmp", "Rect": "50,70,48,48", "Center": "24,27" },
	"sonic_fallCD_2":  { "File": "A_stuff.bmp", "Rect": "100,70,48,48", "Center": "24,27" },
	"sonic_fallCDB_0":  { "File": "A_stuff.bmp", "Rect": "150,70,48,48", "Center": "24,27" },
	"sonic_fallCDB_1":  { "File": "A_stuff.bmp", "Rect": "200,70,48,48", "Center": "24,27" },
	"sonic_fallCDB_2":  { "File": "A_stuff.bmp", "Rect": "250,70,48,48", "Center": "24,27" },
	"sonic_victory1_0":  { "File": "A_stuff.bmp", "Rect": "300,70,48,48", "Center": "24,27" },
	"sonic_victory1_1":  { "File": "A_stuff.bmp", "Rect": "350,70,48,48", "Center": "24,27" },
	"sonic_victory1_2":  { "File": "A_stuff.bmp", "Rect": "400,70,48,48", "Center": "24,27" },
	"sonic_victory1_3":  { "File": "A_stuff.bmp", "Rect": "450,70,48,48", "Center": "24,27" },
	"sonic_victory1_4":  { "File": "A_stuff.bmp", "Rect": "500,70,48,48", "Center": "24,27" },
	"sonic_victory2_0":  { "File": "A_stuff.bmp", "Rect": "550,70,48,48", "Center": "24,27" },
	"sonic_victory2_1":  { "File": "A_stuff.bmp", "Rect": "600,70,48,48", "Center": "24,27" },
	"sonic_victory2_2":  { "File": "A_stuff.bmp", "Rect": "650,70,48,48", "Center": "24,27" },
	"supersonic_Die_0":  { "File": "A_stuff.bmp", "Rect": "700,70,48,48", "Center": "24,27" },
	"supersonic_Die_1":  { "File": "A_stuff.bmp", "Rect": "750,70,48,48", "Center": "24,27" },
	"supersonic_Die_2":  { "File": "A_stuff.bmp", "Rect": "800,70,48,48", "Center": "24,27" },
	"sonic_Die_0":  { "File": "A_stuff.bmp", "Rect": "850,70,48,48", "Center": "24,27" },
	"sonic_Die_1":  { "File": "A_stuff.bmp", "Rect": "900,70,48,48", "Center": "24,27" },
	"sonic_Die_2":  { "File": "A_stuff.bmp", "Rect": "950,70,48,48", "Center": "24,27" },
	"sonic_Die_3":  { "File": "A_stuff.bmp", "Rect": "1000,70,48,48", "Center": "24,27" },
	"sonic_Drown_0":  { "File": "A_stuff.bmp", "Rect": "1050,70,48,48", "Center": "24,27" },
	"sonic_Drown_1":  { "File": "A_stuff.bmp", "Rect": "1100,70,48,48", "Center": "24,27" },
	"sonic_Drown_2":  { "File": "A_stuff.bmp", "Rect": "1150,70,48,48", "Center": "24,27" },
	"sonic_Drown_3":  { "File": "A_stuff.bmp", "Rect": "1200,70,48,48", "Center": "24,27" },
	"sonic_Drown_4":  { "File": "A_stuff.bmp", "Rect": "1250,70,48,48", "Center": "24,27" },
	"Super_Fly_0":  { "File": "A_stuff.bmp", "Rect": "0,128,48,48", "Center": "24,27" },
	"Super_Fly_1":  { "File": "A_stuff.bmp", "Rect": "50,128,48,48", "Center": "24,27" },
	"Super_Fly_2":  { "File": "A_stuff.bmp", "Rect": "100,128,48,48", "Center": "24,27" },
	"Super_Fly_3":  { "File": "A_stuff.bmp", "Rect": "150,128,48,48", "Center": "24,27" },
	"sonic_unt_0":  { "File": "A_stuff.bmp", "Rect": "200,128,48,48", "Center": "24,27" },
	"sonic_unt_1":  { "File": "A_stuff.bmp", "Rect": "250,128,48,48", "Center": "24,27" },
	"sonic_unt_2":  { "File": "A_stuff.bmp", "Rect": "300,128,48,48", "Center": "24,27" },
	"sonic_unt_3":  { "File": "A_stuff.bmp", "Rect": "350,128,48,48", "Center": "24,27" },
	"sonic_victoryCD_0":  { "File": "A_stuff.bmp", "Rect": "400,128,48,48", "Center": "24,27" },
	"sonic_victoryCD_1":  { "File": "A_stuff.bmp", "Rect": "450,128,48,48", "Center": "24,27" },
	"sonic_victoryCD_2":  { "File": "A_stuff.bmp", "Rect": "500,128,48,48", "Center": "24,27" },
	"sonic_victoryCD_3":  { "File": "A_stuff.bmp", "Rect": "550,128,48,48", "Center": "24,27" },
	"sonic_victoryCD_4":  { "File": "A_stuff.bmp", "Rect": "600,128,48,48", "Center": "24,27" },
	"sonic_victoryCD_5":  { "File": "A_stuff.bmp", "Rect": "650,128,48,48", "Center": "24,27" },
	"sonic_victoryCD_6":  { "File": "A_stuff.bmp", "Rect": "700,128,48,48", "Center": "24,27" },
	"sonic_victoryCD_7":  { "File": "A_stuff.bmp", "Rect": "750,128,48,48", "Center": "24,27" },
	"sonic_victoryCD_8":  { "File": "A_stuff.bmp", "Rect": "800,128,48,48", "Center": "24,27" },
	"sonic_victoryCD_9":  { "File": "A_stuff.bmp", "Rect": "850,128,48,48", "Center": "24,27" },
	"sonic_fight_0":  { "File": "A_stuff.bmp", "Rect": "900,128,48,48", "Center": "24,27" },
	"sonic_fight_1":  { "File": "A_stuff.bmp", "Rect": "950,128,48,48", "Center": "24,27" },
	"sonic_fight_2":  { "File": "A_stuff.bmp", "Rect": "1000,128,48,48", "Center": "24,27" },
	"sonic_fight_3":  { "File": "A_stuff.bmp", "Rect": "1050,128,48,48", "Center": "24,27" },
	"sonic_fight_4":  { "File": "A_stuff.bmp", "Rect": "1100,128,48,48", "Center": "24,27" },
	"sonic_fight_5":  { "File": "A_stuff.bmp", "Rect": "1150,128,48,48", "Center": "24,27" },
	"sonic_fight_6":  { "File": "A_stuff.bmp", "Rect": "1200,128,48,48", "Center": "24,27" },
	"sonic_fight_7":  { "File": "A_stuff.bmp", "Rect": "1250,128,48,48", "Center": "24,27" },
	"sonic_fight_8":  { "File": "A_stuff.bmp", "Rect": "1300,128,48,48", "Center": "24,27" },
	"sonic_fight_9":  { "File": "A_stuff.bmp", "Rect": "1350,128,48,48", "Center": "24,27" },
	"super_fall_cd_0":  { "File": "A_stuff.bmp", "Rect": "0,578,48,56", "Center": "24,28" },
	"super_fall_cd_1":  { "File": "A_stuff.bmp", "Rect": "50,578,48,56", "Center": "24,28" },
	"super_fall_cd_2":  { "File": "A_stuff.bmp", "Rect": "100,578,48,56", "Center": "24,28" },
	"super_fall_cdB_0":  { "File": "A_stuff.bmp", "Rect": "150,578,48,56", "Center": "24,28" },
	"super_fall_cdB_1":  { "File": "A_stuff.bmp", "Rect": "200,578,48,56", "Center": "24,28" },
	"super_fall_cdB_2":  { "File": "A_stuff.bmp", "Rect": "250,578,48,56", "Center": "24,28" },
	"supersonic_walk2_0":  { "File": "A_stuff.bmp", "Rect": "0,185,48,48", "Center": "24,27" },
	"supersonic_walk2_1":  { "File": "A_stuff.bmp", "Rect": "50,185,48,48", "Center": "24,27" },
	"supersonic_walk2_2":  { "File": "A_stuff.bmp", "Rect": "100,185,48,48", "Center": "24,27" },
	"supersonic_walk2_3":  { "File": "A_stuff.bmp", "Rect": "150,185,48,48", "Center": "24,27" },
	"supersonic_walk2_4":  { "File": "A_stuff.bmp", "Rect": "200,185,48,48", "Center": "24,27" },
	"supersonic_walk2_5":  { "File": "A_stuff.bmp", "Rect": "250,185,48,48", "Center": "24,27" },
	"supersonic_walk2_6":  { "File": "A_stuff.bmp", "Rect": "300,185,48,48", "Center": "24,27" },
	"supersonic_walk2_7":  { "File": "A_stuff.bmp", "Rect": "350,185,48,48", "Center": "24,27" },
	"supersonic_walk2_8":  { "File": "A_stuff.bmp", "Rect": "400,185,48,48", "Center": "24,27" },
	"supersonic_walk2_9":  { "File": "A_stuff.bmp", "Rect": "450,185,48,48", "Center": "24,27" },
	"supersonic_walk2_10":  { "File": "A_stuff.bmp", "Rect": "500,185,48,48", "Center": "24,27" },
	"supersonic_walk2_11":  { "File": "A_stuff.bmp", "Rect": "550,185,48,48", "Center": "24,27" },

	"sonic_walk2b_0":  { "File": "A_stuff.bmp", "Rect": "0,243,48,48", "Center": "24,27" },
	"sonic_walk2b_1":  { "File": "A_stuff.bmp", "Rect": "50,243,48,48", "Center": "24,27" },
	"sonic_walk2b_2":  { "File": "A_stuff.bmp", "Rect": "100,243,48,48", "Center": "24,27" },
	"sonic_walk2b_3":  { "File": "A_stuff.bmp", "Rect": "150,243,48,48", "Center": "24,27" },
	"sonic_walk2b_4":  { "File": "A_stuff.bmp", "Rect": "200,243,48,48", "Center": "24,27" },
	"sonic_walk2b_5":  { "File": "A_stuff.bmp", "Rect": "250,243,48,48", "Center": "24,27" },
	"sonic_walk2b_6":  { "File": "A_stuff.bmp", "Rect": "300,243,48,48", "Center": "24,27" },
	"sonic_walk2b_7":  { "File": "A_stuff.bmp", "Rect": "350,243,48,48", "Center": "24,27" },
	"sonic_walk2b_8":  { "File": "A_stuff.bmp", "Rect": "400,243,48,48", "Center": "24,27" },
	"sonic_walk2b_9":  { "File": "A_stuff.bmp", "Rect": "450,243,48,48", "Center": "24,27" },
	"sonic_walk2b_10":  { "File": "A_stuff.bmp", "Rect": "500,243,48,48", "Center": "24,27" },
	"sonic_walk2b_11":  { "File": "A_stuff.bmp", "Rect": "550,243,48,48", "Center": "24,27" },

	"supersonic_walk2b_0":  { "File": "A_stuff.bmp", "Rect": "600,243,48,48", "Center": "24,27" },
	"supersonic_walk2b_1":  { "File": "A_stuff.bmp", "Rect": "650,243,48,48", "Center": "24,27" },
	"supersonic_walk2b_2":  { "File": "A_stuff.bmp", "Rect": "700,243,48,48", "Center": "24,27" },
	"supersonic_walk2b_3":  { "File": "A_stuff.bmp", "Rect": "750,243,48,48", "Center": "24,27" },
	"supersonic_walk2b_4":  { "File": "A_stuff.bmp", "Rect": "800,243,48,48", "Center": "24,27" },
	"supersonic_walk2b_5":  { "File": "A_stuff.bmp", "Rect": "850,243,48,48", "Center": "24,27" },
	"supersonic_walk2b_6":  { "File": "A_stuff.bmp", "Rect": "900,243,48,48", "Center": "24,27" },
	"supersonic_walk2b_7":  { "File": "A_stuff.bmp", "Rect": "950,243,48,48", "Center": "24,27" },
	"supersonic_walk2b_8":  { "File": "A_stuff.bmp", "Rect": "1000,243,48,48", "Center": "24,27" },
	"supersonic_walk2b_9":  { "File": "A_stuff.bmp", "Rect": "1050,243,48,48", "Center": "24,27" },
	"supersonic_walk2b_10":  { "File": "A_stuff.bmp", "Rect": "1100,243,48,48", "Center": "24,27" },
	"supersonic_walk2b_11":  { "File": "A_stuff.bmp", "Rect": "1150,243,48,48", "Center": "24,27" }
}