{
	"sonic_waitS10_0":  { "File": "Sonic.bmp", "Rect": "10,819,48,48", "Center": "23,28" },
	"sonic_waitS10_1":  { "File": "Sonic.bmp", "Rect": "59,819,48,48", "Center": "23,28" },
	"sonic_waitS10_2":  { "File": "Sonic.bmp", "Rect": "108,819,48,48", "Center": "22,28" },
	"sonic_waitS10_3":  { "File": "Sonic.bmp", "Rect": "157,819,48,48", "Center": "22,28" },
	"sonic_waitS10_4":  { "File": "Sonic.bmp", "Rect": "206,819,48,48", "Center": "23,28" },
	"sonic_waitS11_0":  { "File": "Sonic.bmp", "Rect": "255,819,48,48", "Center": "23,28" },
	"sonic_waitS11_1":  { "File": "Sonic.bmp", "Rect": "304,819,48,48", "Center": "23,28" },
	"sonic_waitS11_2":  { "File": "Sonic.bmp", "Rect": "353,819,48,48", "Center": "23,28" },
	"sonic_waitS11_3":  { "File": "Sonic.bmp", "Rect": "402,819,48,48", "Center": "23,28" },
	"sonic_waitS11_4":  { "File": "Sonic.bmp", "Rect": "451,819,48,48", "Center": "23,28" },
	"sonic_waitS20_0":  { "File": "Sonic.bmp", "Rect": "10,819,48,48", "Center": "23,28" },
	"sonic_waitS20_1":  { "File": "Sonic.bmp", "Rect": "59,819,48,48", "Center": "23,28" },
	"sonic_waitS20_2":  { "File": "Sonic.bmp", "Rect": "108,819,48,48", "Center": "22,28" },
	"sonic_waitS20_3":  { "File": "Sonic.bmp", "Rect": "157,819,48,48", "Center": "22,28" },
	"sonic_waitS20_4":  { "File": "Sonic.bmp", "Rect": "206,819,48,48", "Center": "23,28" },
	"sonic_waitS21_0":  { "File": "Sonic.bmp", "Rect": "255,819,48,48", "Center": "23,28" },
	"sonic_waitS21_1":  { "File": "Sonic.bmp", "Rect": "304,819,48,48", "Center": "23,28" },
	"sonic_waitS21_2":  { "File": "Sonic.bmp", "Rect": "353,819,48,48", "Center": "23,28" },
	"sonic_waitS21_3":  { "File": "Sonic.bmp", "Rect": "402,819,48,48", "Center": "23,28" },
	"sonic_waitS21_4":  { "File": "Sonic.bmp", "Rect": "451,819,48,48", "Center": "23,28" },
	"sonic_waitS22_0":  { "File": "Sonic.bmp", "Rect": "535,819,48,48", "Center": "23,28" },
	"sonic_waitS22_1":  { "File": "Sonic.bmp", "Rect": "584,819,48,48", "Center": "23,28" },
	"sonic_waitS22_2":  { "File": "Sonic.bmp", "Rect": "633,819,48,48", "Center": "22,28" },
	"sonic_waitS22_3":  { "File": "Sonic.bmp", "Rect": "682,819,48,48", "Center": "22,28" },
	"sonic_waitS23_0":  { "File": "Sonic.bmp", "Rect": "731,819,48,48", "Center": "24,28" },
	"sonic_waitS23_1":  { "File": "Sonic.bmp", "Rect": "780,819,48,48", "Center": "24,28" },
	"sonic_waitS23_2":  { "File": "Sonic.bmp", "Rect": "829,819,48,48", "Center": "24,28" },
	"sonic_waitS23_3":  { "File": "Sonic.bmp", "Rect": "878,819,48,48", "Center": "24,28" },
	"sonic_waitS24_0":  { "File": "Sonic.bmp", "Rect": "927,819,48,48", "Center": "28,28" },
	"sonic_waitS24_1":  { "File": "Sonic.bmp", "Rect": "976,819,48,48", "Center": "28,28" },
	"sonic_waitS24_2":  { "File": "Sonic.bmp", "Rect": "1025,819,48,48", "Center": "28,28" },
	"sonic_waitS24_3":  { "File": "Sonic.bmp", "Rect": "1074,819,48,48", "Center": "28,28" },
	"sonic_waitS24_4":  { "File": "Sonic.bmp", "Rect": "1123,819,48,48", "Center": "28,28" },
	"sonic_waitS24_5":  { "File": "Sonic.bmp", "Rect": "1123,819,48,48", "Center": "28,28" },
	"sonic_electrocuted_00":  { "File": "C_stuff.bmp", "Rect": "240,144,48,48", "Center": "24,26" },
	"sonic_electrocuted_01":  { "File": "C_stuff.bmp", "Rect": "288,144,48,48", "Center": "24,26" },
	"sonic_electrocuted_02":  { "File": "C_stuff.bmp", "Rect": "192,144,48,48", "Center": "24,26" },
	"sonic_hurt0_0":  { "File": "C_stuff.bmp", "Rect": "0,144,48,48", "Center": "24,26" },
	"sonic_hurt0_1":  { "File": "C_stuff.bmp", "Rect": "48,144,48,48", "Center": "24,26" },
	"sonic_hurt0_2":  { "File": "C_stuff.bmp", "Rect": "96,144,48,48", "Center": "24,26" },
	"sonic_hurt0_3":  { "File": "C_stuff.bmp", "Rect": "144,144,48,48", "Center": "24,26" },
	"sonic_hurt0_4":  { "File": "C_stuff.bmp", "Rect": "192,144,48,48", "Center": "24,26" },
	"S_sonic_hurt0_0":  { "File": "C_stuff.bmp", "Rect": "0,192,48,48", "Center": "24,26" },
	"S_sonic_hurt0_1":  { "File": "C_stuff.bmp", "Rect": "48,192,48,48", "Center": "24,26" },
	"S_sonic_hurt0_2":  { "File": "C_stuff.bmp", "Rect": "96,192,48,48", "Center": "24,26" },
	"S_sonic_hurt0_3":  { "File": "C_stuff.bmp", "Rect": "144,192,48,48", "Center": "24,26" },
	"S_sonic_hurt0_4":  { "File": "C_stuff.bmp", "Rect": "192,192,48,48", "Center": "24,26" },
	"shimmy_0":  { "File": "C_stuff.bmp", "Rect": "0,288,44,52", "Center": "25,26" },
	"shimmy_1":  { "File": "C_stuff.bmp", "Rect": "44,288,44,52", "Center": "25,26" },
	"shimmy_2":  { "File": "C_stuff.bmp", "Rect": "88,288,44,52", "Center": "25,26" },
	"shimmy_3":  { "File": "C_stuff.bmp", "Rect": "132,288,44,52", "Center": "25,26" },
	"shimmy_4":  { "File": "C_stuff.bmp", "Rect": "176,288,44,52", "Center": "25,26" },
	"shimmy_5":  { "File": "C_stuff.bmp", "Rect": "220,288,44,52", "Center": "25,26" },
	"S_shimmy_0":  { "File": "C_stuff.bmp", "Rect": "0,340,44,52", "Center": "25,26" },
	"S_shimmy_1":  { "File": "C_stuff.bmp", "Rect": "44,340,44,52", "Center": "25,26" },
	"S_shimmy_2":  { "File": "C_stuff.bmp", "Rect": "88,340,44,52", "Center": "25,26" },
	"S_shimmy_3":  { "File": "C_stuff.bmp", "Rect": "132,340,44,52", "Center": "25,26" },
	"S_shimmy_4":  { "File": "C_stuff.bmp", "Rect": "176,340,44,52", "Center": "25,26" },
	"S_shimmy_5":  { "File": "C_stuff.bmp", "Rect": "220,340,44,52", "Center": "25,26" },
	"preDD_0":  { "File": "C_stuff.bmp", "Rect": "336,96,48,46", "Center": "24,28" },
	"preDD_1":  { "File": "C_stuff.bmp", "Rect": "384,96,48,46", "Center": "24,28" },
	"preDD_2":  { "File": "C_stuff.bmp", "Rect": "432,96,48,46", "Center": "24,28" },
	"preDD_3":  { "File": "C_stuff.bmp", "Rect": "480,96,48,46", "Center": "24,28" },
	"S_preDD_0":  { "File": "C_stuff.bmp", "Rect": "336,142,48,50", "Center": "24,30" },
	"S_preDD_1":  { "File": "C_stuff.bmp", "Rect": "384,142,48,50", "Center": "24,30" },
	"S_preDD_2":  { "File": "C_stuff.bmp", "Rect": "432,142,48,50", "Center": "24,30" },
	"S_preDD_3":  { "File": "C_stuff.bmp", "Rect": "480,142,48,50", "Center": "24,30" },
	"pre_charge_0":  { "File": "C_stuff.bmp", "Rect": "0,240,48,48", "Center": "23,28" },
	"pre_charge_1":  { "File": "C_stuff.bmp", "Rect": "48,240,48,48", "Center": "22,28" },
	"pre_charge_2":  { "File": "C_stuff.bmp", "Rect": "96,240,48,48", "Center": "22,28" },
	"pre_charge_3":  { "File": "C_stuff.bmp", "Rect": "144,240,48,48", "Center": "22,28" },
	"charge_0":  { "File": "C_stuff.bmp", "Rect": "192,240,48,48", "Center": "22,28" },
	"charge_1":  { "File": "C_stuff.bmp", "Rect": "240,240,48,48", "Center": "22,28" },
	"charge_2":  { "File": "C_stuff.bmp", "Rect": "288,240,48,48", "Center": "22,28" },
	"pre_dash_0":  { "File": "C_stuff.bmp", "Rect": "336,240,48,48", "Center": "22,28" },
	"pre_dash_1":  { "File": "C_stuff.bmp", "Rect": "384,240,48,48", "Center": "22,28" },
	"sonic_transform0_0":  { "File": "SuperSonic.bmp", "Rect": "10,892,48,64", "Center": "24,32" },
	"sonic_transform0_1":  { "File": "SuperSonic.bmp", "Rect": "10,892,48,64", "Center": "24,32" },
	"sonic_transform0_2":  { "File": "SuperSonic.bmp", "Rect": "59,892,48,64", "Center": "24,32" },
	"sonic_transform0_3":  { "File": "SuperSonic.bmp", "Rect": "108,892,48,64", "Center": "24,32" },
	"sonic_transform0_4":  { "File": "SuperSonic.bmp", "Rect": "157,892,48,64", "Center": "24,32" },
	"sonic_transform0_5":  { "File": "SuperSonic.bmp", "Rect": "206,892,48,64", "Center": "24,32" },
	"sonic_transform0_6":  { "File": "SuperSonic.bmp", "Rect": "255,892,48,64", "Center": "24,32" },
	"sonic_transform0_7":  { "File": "SuperSonic.bmp", "Rect": "304,892,48,64", "Center": "24,32" },
	"sonic_transform0_8":  { "File": "SuperSonic.bmp", "Rect": "353,892,48,64", "Center": "24,32" },
	"sonic_transform0_9":  { "File": "SuperSonic.bmp", "Rect": "402,892,48,64", "Center": "24,32" },
	"sonic_transform0_10":  { "File": "SuperSonic.bmp", "Rect": "451,892,48,64", "Center": "24,32" },
	"sonic_transform0_11":  { "File": "SuperSonic.bmp", "Rect": "500,892,48,64", "Center": "24,32" },
	"sonic_transform0_12":  { "File": "SuperSonic.bmp", "Rect": "549,892,48,64", "Center": "24,32" },
	"sonic_transform1_0":  { "File": "SuperSonic.bmp", "Rect": "598,892,48,64", "Center": "24,32" },
	"sonic_transform1_1":  { "File": "SuperSonic.bmp", "Rect": "647,892,48,64", "Center": "24,32" },
	"sonic_transform1_2":  { "File": "SuperSonic.bmp", "Rect": "696,892,48,64", "Center": "24,32" },
	"sonic_transform1_3":  { "File": "SuperSonic.bmp", "Rect": "745,892,48,64", "Center": "24,32" },
	"sonic_waitMania0_0":  { "File": "C_stuff.bmp", "Rect": "0,0,48,48", "Center": "23,28" },
	"sonic_waitMania0_1":  { "File": "C_stuff.bmp", "Rect": "48,0,48,48", "Center": "23,28" },
	"sonic_waitMania0_2":  { "File": "C_stuff.bmp", "Rect": "96,0,48,48", "Center": "24,28" },
	"sonic_waitMania0_3":  { "File": "C_stuff.bmp", "Rect": "144,0,48,48", "Center": "23,28" },
	"sonic_waitMania0_4":  { "File": "C_stuff.bmp", "Rect": "192,0,48,48", "Center": "23,28" },
	"sonic_waitMania0_5":  { "File": "C_stuff.bmp", "Rect": "240,0,48,48", "Center": "23,28" },
	"sonic_waitMania1_0":  { "File": "C_stuff.bmp", "Rect": "288,0,48,48", "Center": "23,28" },
	"sonic_waitMania1_1":  { "File": "C_stuff.bmp", "Rect": "336,0,48,48", "Center": "23,28" },
	"sonic_waitMania1_2":  { "File": "C_stuff.bmp", "Rect": "384,0,48,48", "Center": "23,28" },
	"sonic_waitMania1_3":  { "File": "C_stuff.bmp", "Rect": "432,0,48,48", "Center": "23,28" },
	"sonic_waitMania1_4":  { "File": "C_stuff.bmp", "Rect": "480,0,48,48", "Center": "23,28" },
	"sonic_waitMania2_0":  { "File": "C_stuff.bmp", "Rect": "0,48,48,48", "Center": "23,28" },
	"sonic_waitMania2_1":  { "File": "C_stuff.bmp", "Rect": "48,48,48,48", "Center": "24,28" },
	"sonic_waitMania2_2":  { "File": "C_stuff.bmp", "Rect": "96,48,48,48", "Center": "24,28" },
	"sonic_waitMania2_3":  { "File": "C_stuff.bmp", "Rect": "144,48,48,48", "Center": "24,28" },
	"sonic_waitMania2_4":  { "File": "C_stuff.bmp", "Rect": "192,48,48,48", "Center": "24,28" },
	"sonic_waitMania2_5":  { "File": "C_stuff.bmp", "Rect": "240,48,48,48", "Center": "24,28" },
	"sonic_waitMania3_0":  { "File": "C_stuff.bmp", "Rect": "288,48,48,48", "Center": "24,28" },
	"sonic_waitMania3_1":  { "File": "C_stuff.bmp", "Rect": "336,48,48,48", "Center": "24,28" },
	"sonic_waitMania4_0":  { "File": "C_stuff.bmp", "Rect": "0,96,48,48", "Center": "24,28" },
	"sonic_waitMania4_1":  { "File": "C_stuff.bmp", "Rect": "48,96,48,48", "Center": "24,28" },
	"sonic_waitMania4_2":  { "File": "C_stuff.bmp", "Rect": "96,96,48,48", "Center": "24,28" },
	"sonic_waitMania4_3":  { "File": "C_stuff.bmp", "Rect": "144,96,48,48", "Center": "24,28" },
	"sonic_waitMania4_4":  { "File": "C_stuff.bmp", "Rect": "192,96,48,48", "Center": "24,28" },
	"sonic_waitMania4_5":  { "File": "C_stuff.bmp", "Rect": "240,96,48,48", "Center": "24,28" },
	"sonic_waitMania4_6":  { "File": "C_stuff.bmp", "Rect": "288,96,48,48", "Center": "24,28" },
	"sonic_waitMania5_0":  { "File": "C_stuff.bmp", "Rect": "336,48,48,48", "Center": "24,28" },
	"sonic_waitMania5_1":  { "File": "C_stuff.bmp", "Rect": "384,48,48,48", "Center": "24,28" },
	"sonic_waitMania5_2":  { "File": "C_stuff.bmp", "Rect": "432,48,48,48", "Center": "24,28" },
	"sonic_waitMania5_3":  { "File": "C_stuff.bmp", "Rect": "480,48,48,48", "Center": "23,28" },
	"sonic_frozen_0":  { "File": "sonic_frozen.bmp", "Rect": "1,1,64,64", "Center": "32,32" },
	"sonic_frozen_1":  { "File": "sonic_frozen.bmp", "Rect": "66,1,64,64", "Center": "32,32" },
	"S_sonic_frozen_0":  { "File": "sonic_frozen.bmp", "Rect": "1,67,64,64", "Center": "32,32" },
	"S_sonic_frozen_1":  { "File": "sonic_frozen.bmp", "Rect": "66,67,64,64", "Center": "32,32" },
	"modded_sonic_frozen_0":  { "File": "sonic_frozen.bmp", "Rect": "1,1,64,64", "Center": "32,32" },
	"modded_sonic_frozen_1":  { "File": "sonic_frozen.bmp", "Rect": "66,1,64,64", "Center": "32,32" },
	"modded_S_sonic_frozen_0":  { "File": "sonic_frozen.bmp", "Rect": "1,67,64,64", "Center": "32,32" },
	"modded_S_sonic_frozen_1":  { "File": "sonic_frozen.bmp", "Rect": "66,67,64,64", "Center": "32,32" },
	"player_ice_block_0":  { "File": "player_ice_block_0.bmp", "Rect": "0,0,64,64", "Center": "32,32" },
	"player_ice_block_1":  { "File": "player_ice_block_0.bmp", "Rect": "64,0,64,64", "Center": "32,32" },
	"player_ice_block_2":  { "File": "player_ice_block_0.bmp", "Rect": "128,0,64,64", "Center": "32,32" },
	"player_ice_block_3":  { "File": "player_ice_block_0.bmp", "Rect": "128,0,64,64", "Center": "32,32" },
	"player_ice_block_4":  { "File": "player_ice_block_0.bmp", "Rect": "192,0,64,64", "Center": "32,32" },
	"player_ice_block_5":  { "File": "player_ice_block_0.bmp", "Rect": "192,0,64,64", "Center": "32,32" },
	"player_ice_block_6":  { "File": "player_ice_block_0.bmp", "Rect": "256,0,64,64", "Center": "32,32" },
	"hyperS_transform0_0":  { "File": "Supersonic.bmp", "Rect": "10,1275,48,64", "Center": "24,32" },
	"hyperS_transform0_1":  { "File": "Supersonic.bmp", "Rect": "10,1275,48,64", "Center": "24,32" },
	"hyperS_transform0_2":  { "File": "Supersonic.bmp", "Rect": "59,1275,48,64", "Center": "24,32" },
	"hyperS_transform0_3":  { "File": "Supersonic.bmp", "Rect": "108,1275,48,64", "Center": "24,32" },
	"hyperS_transform0_4":  { "File": "Supersonic.bmp", "Rect": "157,1275,48,64", "Center": "24,32" },
	"hyperS_transform0_5":  { "File": "Supersonic.bmp", "Rect": "206,1275,48,64", "Center": "24,32" },
	"hyperS_transform0_6":  { "File": "Supersonic.bmp", "Rect": "255,1275,48,64", "Center": "24,32" },
	"hyperS_transform0_7":  { "File": "Supersonic.bmp", "Rect": "304,1275,48,64", "Center": "24,32" },
	"hyperS_transform0_8":  { "File": "Supersonic.bmp", "Rect": "353,1275,48,64", "Center": "24,32" },
	"hyperS_transform0_9":  { "File": "Supersonic.bmp", "Rect": "402,1275,48,64", "Center": "24,32" },
	"hyperS_transform0_10":  { "File": "Supersonic.bmp", "Rect": "451,1275,48,64", "Center": "24,32" },
	"hyperS_transform0_11":  { "File": "Supersonic.bmp", "Rect": "500,1275,48,64", "Center": "24,32" },
	"hyperS_transform0_12":  { "File": "Supersonic.bmp", "Rect": "549,1275,48,64", "Center": "24,32" },
	"hyperS_transform1_0":  { "File": "Supersonic.bmp", "Rect": "598,1275,48,64", "Center": "24,32" },
	"hyperS_transform1_1":  { "File": "Supersonic.bmp", "Rect": "647,1275,48,64", "Center": "24,32" },
	"hyperS_transform1_2":  { "File": "Supersonic.bmp", "Rect": "696,1275,48,64", "Center": "24,32" },
	"hyperS_transform1_3":  { "File": "SuperSonic.bmp", "Rect": "745,1275,48,64", "Center": "24,32" }
}