{
	"deluxe_dropdash_0":  { "File": "Sonic.bmp", "Rect": "3,597,48,48", "Center": "24,28" },
	"deluxe_dropdash_1":  { "File": "Sonic.bmp", "Rect": "52,597,48,48", "Center": "24,28" },
	"deluxe_dropdash_2":  { "File": "Sonic.bmp", "Rect": "101,597,48,48", "Center": "24,28" },
	"deluxe_dropdash_3":  { "File": "Sonic.bmp", "Rect": "150,597,48,48", "Center": "24,28" },
	"deluxe_dropdash_4":  { "File": "Sonic.bmp", "Rect": "199,597,48,48", "Center": "24,28" },
	"deluxe_dropdash_5":  { "File": "Sonic.bmp", "Rect": "248,597,48,48", "Center": "24,28" },
	"deluxe_dropdash_6":  { "File": "Sonic.bmp", "Rect": "101,597,48,48", "Center": "24,28" },
	"deluxe_dropdash_7":  { "File": "Sonic.bmp", "Rect": "346,597,48,48", "Center": "24,28" },
	"deluxe_dropdash_8":  { "File": "Sonic.bmp", "Rect": "3,597,48,48", "Center": "24,28" },
	"deluxe_dropdash_9":  { "File": "Sonic.bmp", "Rect": "444,597,48,48", "Center": "24,28" },
	"deluxe_dropdash_10":  { "File": "Sonic.bmp", "Rect": "101,597,48,48", "Center": "24,28" },
	"deluxe_dropdash_11":  { "File": "Sonic.bmp", "Rect": "542,597,48,48", "Center": "24,28" },
	"deluxe_dropdash_12":  { "File": "Sonic.bmp", "Rect": "3,597,48,48", "Center": "24,28" },
	"deluxe_dropdash_13":  { "File": "Sonic.bmp", "Rect": "640,597,48,48", "Center": "24,28" },
	"deluxe_dropdash_14":  { "File": "Sonic.bmp", "Rect": "101,597,48,48", "Center": "24,28" },
	"deluxe_dropdash_15":  { "File": "Sonic.bmp", "Rect": "738,597,48,48", "Center": "24,28" },
	"SUPERSONIC_NEW_DROPDASH_0":  { "File": "SuperSonic.bmp", "Rect": "3,597,48,48", "Center": "24,28" },
	"SUPERSONIC_NEW_DROPDASH_1":  { "File": "SuperSonic.bmp", "Rect": "52,597,48,48", "Center": "24,28" },
	"SUPERSONIC_NEW_DROPDASH_2":  { "File": "SuperSonic.bmp", "Rect": "101,597,48,48", "Center": "24,28" },
	"SUPERSONIC_NEW_DROPDASH_3":  { "File": "SuperSonic.bmp", "Rect": "150,597,48,48", "Center": "24,28" },
	"SUPERSONIC_NEW_DROPDASH_4":  { "File": "SuperSonic.bmp", "Rect": "199,597,48,48", "Center": "24,28" },
	"SUPERSONIC_NEW_DROPDASH_5":  { "File": "SuperSonic.bmp", "Rect": "248,597,48,48", "Center": "24,28" },
	"SUPERSONIC_NEW_DROPDASH_6":  { "File": "SuperSonic.bmp", "Rect": "101,597,48,48", "Center": "24,28" },
	"SUPERSONIC_NEW_DROPDASH_7":  { "File": "SuperSonic.bmp", "Rect": "346,597,48,48", "Center": "24,28" },
	"SUPERSONIC_NEW_DROPDASH_8":  { "File": "SuperSonic.bmp", "Rect": "3,597,48,48", "Center": "24,28" },
	"SUPERSONIC_NEW_DROPDASH_9":  { "File": "SuperSonic.bmp", "Rect": "444,597,48,48", "Center": "24,28" },
	"SUPERSONIC_NEW_DROPDASH_10":  { "File": "SuperSonic.bmp", "Rect": "101,597,48,48", "Center": "24,28" },
	"SUPERSONIC_NEW_DROPDASH_11":  { "File": "SuperSonic.bmp", "Rect": "542,597,48,48", "Center": "24,28" },
	"SUPERSONIC_NEW_DROPDASH_12":  { "File": "SuperSonic.bmp", "Rect": "3,597,48,48", "Center": "24,28" },
	"SUPERSONIC_NEW_DROPDASH_13":  { "File": "SuperSonic.bmp", "Rect": "640,597,48,48", "Center": "24,28" },
	"SUPERSONIC_NEW_DROPDASH_14":  { "File": "SuperSonic.bmp", "Rect": "101,597,48,48", "Center": "24,28" },
	"SUPERSONIC_NEW_DROPDASH_15":  { "File": "SuperSonic.bmp", "Rect": "738,597,48,48", "Center": "24,28" }
}