{
	"character_sonic_snowboarding_0x01":  { "File": "character_sonic_snowboarding.bmp", "Rect": "1,3,45,62", "Center": "22,36" },
	"character_sonic_snowboarding_0x02":  { "File": "character_sonic_snowboarding.bmp", "Rect": "47,9,28,56", "Center": "14,18" },
	"character_sonic_snowboarding_0x03":  { "File": "character_sonic_snowboarding.bmp", "Rect": "76,10,44,55", "Center": "23,23" },
	"character_sonic_snowboarding_0x04":  { "File": "character_sonic_snowboarding.bmp", "Rect": "121,9,35,56", "Center": "16,22" },
	"character_sonic_snowboarding_0x05":  { "File": "character_sonic_snowboarding.bmp", "Rect": "157,9,40,56", "Center": "19,22" },
	"character_sonic_snowboarding_0x06":  { "File": "character_sonic_snowboarding.bmp", "Rect": "198,23,55,42", "Center": "28,16" },
	"character_sonic_snowboarding_0x07":  { "File": "character_sonic_snowboarding.bmp", "Rect": "254,23,54,42", "Center": "28,15" },
	"character_sonic_snowboarding_0x08":  { "File": "character_sonic_snowboarding.bmp", "Rect": "309,27,52,38", "Center": "26,15" },
	"character_sonic_snowboarding_0x09":  { "File": "character_sonic_snowboarding.bmp", "Rect": "362,15,47,50", "Center": "27,14" },
	"character_sonic_snowboarding_0x0a":  { "File": "character_sonic_snowboarding.bmp", "Rect": "410,14,50,51", "Center": "31,17" },
	"character_sonic_snowboarding_0x0b":  { "File": "character_sonic_snowboarding.bmp", "Rect": "461,19,53,46", "Center": "28,17" },
	"character_sonic_snowboarding_0x0c":  { "File": "character_sonic_snowboarding.bmp", "Rect": "515,11,50,53", "Center": "26,18" }
}