{
	"character_sonic_0x01":  { "File": "character_sonic.bmp", "Rect": "4,4,45,44", "Center": "23,23" },
	"character_sonic_0x02":  { "File": "character_sonic.bmp", "Rect": "50,4,43,44", "Center": "23,23" },
	"character_sonic_0x03":  { "File": "character_sonic.bmp", "Rect": "95,4,44,44", "Center": "23,23" },
	"character_sonic_0x04":  { "File": "character_sonic.bmp", "Rect": "140,4,44,44", "Center": "23,23" },
	"character_sonic_0x05":  { "File": "character_sonic.bmp", "Rect": "185,4,44,44", "Center": "23,23" },
	"character_sonic_0x06":  { "File": "character_sonic.bmp", "Rect": "230,4,44,44", "Center": "23,23" },
	"character_sonic_0x07":  { "File": "character_sonic.bmp", "Rect": "275,4,44,44", "Center": "23,23" },
	"character_sonic_0x08":  { "File": "character_sonic.bmp", "Rect": "320,4,44,44", "Center": "23,23" },
	"character_sonic_0x09":  { "File": "character_sonic.bmp", "Rect": "337,4,40,48", "Center": "21,19" },
	"character_sonic_0x0a":  { "File": "character_sonic.bmp", "Rect": "508,8,48,40", "Center": "20,14" },
	"character_sonic_0x0b":  { "File": "character_sonic.bmp", "Rect": "568,8,40,40", "Center": "19,21" },
	"character_sonic_0x0c":  { "File": "character_sonic.bmp", "Rect": "620,303,48,40", "Center": "20,19" },
	"character_sonic_0x0d":  { "File": "character_sonic.bmp", "Rect": "680,303,40,48", "Center": "20,18" },
	"character_sonic_0x0e":  { "File": "character_sonic.bmp", "Rect": "732,303,48,48", "Center": "21,20" },
	"character_sonic_0x0f":  { "File": "character_sonic.bmp", "Rect": "792,303,40,40", "Center": "22,17" },
	"character_sonic_0x10":  { "File": "character_sonic.bmp", "Rect": "1154,303,44,44", "Center": "20,18" },
	"character_sonic_0x11":  { "File": "character_sonic.bmp", "Rect": "4,60,44,44", "Center": "23,23" },
	"character_sonic_0x12":  { "File": "character_sonic.bmp", "Rect": "53,60,40,40", "Center": "23,19" },
	"character_sonic_0x13":  { "File": "character_sonic.bmp", "Rect": "94,60,44,44", "Center": "22,24" },
	"character_sonic_0x14":  { "File": "character_sonic.bmp", "Rect": "139,60,44,44", "Center": "23,13" },
	"character_sonic_0x15":  { "File": "character_sonic.bmp", "Rect": "184,60,44,44", "Center": "23,21" },
	"character_sonic_0x16":  { "File": "character_sonic.bmp", "Rect": "229,60,44,44", "Center": "23,20" },
	"character_sonic_0x17":  { "File": "character_sonic.bmp", "Rect": "274,60,44,44", "Center": "23,11" },
	"character_sonic_0x18":  { "File": "character_sonic.bmp", "Rect": "319,60,44,44", "Center": "23,11" },
	"character_sonic_0x19":  { "File": "character_sonic.bmp", "Rect": "452,64,48,40", "Center": "18,17" },
	"character_sonic_0x1a":  { "File": "character_sonic.bmp", "Rect": "512,60,40,48", "Center": "16,25" },
	"character_sonic_0x1b":  { "File": "character_sonic.bmp", "Rect": "568,64,40,40", "Center": "19,17" },
	"character_sonic_0x1c":  { "File": "character_sonic.bmp", "Rect": "624,60,40,48", "Center": "16,25" },
	"character_sonic_0x1d":  { "File": "character_sonic.bmp", "Rect": "676,64,48,40", "Center": "17,18" },
	"character_sonic_0x1e":  { "File": "character_sonic.bmp", "Rect": "732,60,48,48", "Center": "17,24" },
	"character_sonic_0x1f":  { "File": "character_sonic.bmp", "Rect": "792,64,40,40", "Center": "18,18" },
	"character_sonic_0x20":  { "File": "character_sonic.bmp", "Rect": "848,64,40,40", "Center": "18,18" },
	"character_sonic_0x21":  { "File": "character_sonic.bmp", "Rect": "4,121,44,44", "Center": "22,22" },
	"character_sonic_0x22":  { "File": "character_sonic.bmp", "Rect": "49,121,44,44", "Center": "22,22" },
	"character_sonic_0x23":  { "File": "character_sonic.bmp", "Rect": "94,121,44,44", "Center": "22,22" },
	"character_sonic_0x24":  { "File": "character_sonic.bmp", "Rect": "139,121,44,44", "Center": "22,22" },
	"character_sonic_0x25":  { "File": "character_sonic.bmp", "Rect": "191,121,44,44", "Center": "19,17" },
	"character_sonic_0x26":  { "File": "character_sonic.bmp", "Rect": "191,121,44,44", "Center": "16,18" },
	"character_sonic_0x27":  { "File": "character_sonic.bmp", "Rect": "191,121,44,44", "Center": "19,17" },
	"character_sonic_0x28":  { "File": "character_sonic.bmp", "Rect": "191,121,44,44", "Center": "16,18" },
	"character_sonic_0x29":  { "File": "character_sonic.bmp", "Rect": "378,121,44,44", "Center": "22,21" },
	"character_sonic_0x2a":  { "File": "character_sonic.bmp", "Rect": "423,121,44,44", "Center": "22,21" },
	"character_sonic_0x2b":  { "File": "character_sonic.bmp", "Rect": "468,121,44,44", "Center": "22,21" },
	"character_sonic_0x2c":  { "File": "character_sonic.bmp", "Rect": "513,121,44,44", "Center": "22,21" },
	"character_sonic_0x2d":  { "File": "character_sonic.bmp", "Rect": "680,120,40,40", "Center": "18,22" },
	"character_sonic_0x2e":  { "File": "character_sonic.bmp", "Rect": "736,124,40,32", "Center": "19,17" },
	"character_sonic_0x2f":  { "File": "character_sonic.bmp", "Rect": "792,120,40,40", "Center": "18,22" },
	"character_sonic_0x30":  { "File": "character_sonic.bmp", "Rect": "848,124,40,32", "Center": "19,17" },
	"character_sonic_0x31":  { "File": "character_sonic.bmp", "Rect": "4,182,44,44", "Center": "21,22" },
	"character_sonic_0x32":  { "File": "character_sonic.bmp", "Rect": "49,182,44,44", "Center": "22,24" },
	"character_sonic_0x33":  { "File": "character_sonic.bmp", "Rect": "94,182,44,44", "Center": "21,22" },
	"character_sonic_0x34":  { "File": "character_sonic.bmp", "Rect": "139,182,44,44", "Center": "19,23" },
	"character_sonic_0x35":  { "File": "character_sonic.bmp", "Rect": "184,182,44,44", "Center": "19,21" },
	"character_sonic_0x36":  { "File": "character_sonic.bmp", "Rect": "229,182,44,44", "Center": "22,20" },
	"character_sonic_0x37":  { "File": "character_sonic.bmp", "Rect": "274,182,44,44", "Center": "21,21" },
	"character_sonic_0x38":  { "File": "character_sonic.bmp", "Rect": "319,182,44,44", "Center": "22,23" },
	"character_sonic_0x39":  { "File": "character_sonic.bmp", "Rect": "364,182,44,44", "Center": "20,25" },
	"character_sonic_0x3a":  { "File": "character_sonic.bmp", "Rect": "409,182,44,44", "Center": "22,22" },
	"character_sonic_0x3b":  { "File": "character_sonic.bmp", "Rect": "454,182,44,44", "Center": "22,25" },
	"character_sonic_0x3c":  { "File": "character_sonic.bmp", "Rect": "499,182,44,44", "Center": "21,24" },
	"character_sonic_0x3d":  { "File": "character_sonic.bmp", "Rect": "551,182,44,44", "Center": "24,22" },
	"character_sonic_0x3e":  { "File": "character_sonic.bmp", "Rect": "596,182,44,44", "Center": "20,23" },
	"character_sonic_0x3f":  { "File": "character_sonic.bmp", "Rect": "641,182,44,44", "Center": "23,22" },
	"character_sonic_0x40":  { "File": "character_sonic.bmp", "Rect": "686,182,44,44", "Center": "23,20" },
	"character_sonic_0x41":  { "File": "character_sonic.bmp", "Rect": "731,182,44,44", "Center": "23,22" },
	"character_sonic_0x42":  { "File": "character_sonic.bmp", "Rect": "776,182,44,44", "Center": "21,22" },
	"character_sonic_0x43":  { "File": "character_sonic.bmp", "Rect": "821,182,44,44", "Center": "23,23" },
	"character_sonic_0x44":  { "File": "character_sonic.bmp", "Rect": "866,182,44,44", "Center": "22,24" },
	"character_sonic_0x45":  { "File": "character_sonic.bmp", "Rect": "911,182,44,44", "Center": "21,24" },
	"character_sonic_0x46":  { "File": "character_sonic.bmp", "Rect": "956,182,44,44", "Center": "23,20" },
	"character_sonic_0x47":  { "File": "character_sonic.bmp", "Rect": "1001,182,44,44", "Center": "24,22" },
	"character_sonic_0x48":  { "File": "character_sonic.bmp", "Rect": "1046,182,44,44", "Center": "25,22" },
	"character_sonic_0x49":  { "File": "character_sonic.bmp", "Rect": "4,242,44,44", "Center": "22,26" },
	"character_sonic_0x4a":  { "File": "character_sonic.bmp", "Rect": "49,242,44,44", "Center": "21,26" },
	"character_sonic_0x4b":  { "File": "character_sonic.bmp", "Rect": "94,242,44,44", "Center": "22,24" },
	"character_sonic_0x4c":  { "File": "character_sonic.bmp", "Rect": "139,242,44,44", "Center": "21,21" },
	"character_sonic_0x4d":  { "File": "character_sonic.bmp", "Rect": "184,242,44,44", "Center": "20,24" },
	"character_sonic_0x4e":  { "File": "character_sonic.bmp", "Rect": "229,242,44,44", "Center": "21,22" },
	"character_sonic_0x4f":  { "File": "character_sonic.bmp", "Rect": "274,242,44,44", "Center": "24,24" },
	"character_sonic_0x50":  { "File": "character_sonic.bmp", "Rect": "319,242,44,44", "Center": "25,22" },
	"character_sonic_0x51":  { "File": "character_sonic.bmp", "Rect": "364,242,44,44", "Center": "23,23" },
	"character_sonic_0x52":  { "File": "character_sonic.bmp", "Rect": "409,242,44,44", "Center": "23,23" },
	"character_sonic_0x53":  { "File": "character_sonic.bmp", "Rect": "454,242,44,44", "Center": "21,24" },
	"character_sonic_0x54":  { "File": "character_sonic.bmp", "Rect": "499,242,44,44", "Center": "22,22" },
	"character_sonic_0x55":  { "File": "character_sonic.bmp", "Rect": "551,242,44,44", "Center": "23,22" },
	"character_sonic_0x56":  { "File": "character_sonic.bmp", "Rect": "596,242,44,44", "Center": "22,22" },
	"character_sonic_0x57":  { "File": "character_sonic.bmp", "Rect": "641,242,44,44", "Center": "23,22" },
	"character_sonic_0x58":  { "File": "character_sonic.bmp", "Rect": "686,242,44,44", "Center": "23,22" },
	"character_sonic_0x59":  { "File": "character_sonic.bmp", "Rect": "731,242,44,44", "Center": "20,22" },
	"character_sonic_0x5a":  { "File": "character_sonic.bmp", "Rect": "776,242,44,44", "Center": "24,22" },
	"character_sonic_0x5b":  { "File": "character_sonic.bmp", "Rect": "821,242,44,44", "Center": "23,22" },
	"character_sonic_0x5c":  { "File": "character_sonic.bmp", "Rect": "872,241,56,44", "Center": "23,22" },
	"character_sonic_0x5d":  { "File": "character_sonic.bmp", "Rect": "929,241,44,44", "Center": "10,21" },
	"character_sonic_0x5e":  { "File": "character_sonic.bmp", "Rect": "974,241,47,44", "Center": "34,23" },
	"character_sonic_0x5f":  { "File": "character_sonic.bmp", "Rect": "1022,241,54,44", "Center": "30,22" },
	"character_sonic_0x60":  { "File": "character_sonic.bmp", "Rect": "1077,241,44,44", "Center": "19,22" },
	"character_sonic_0x61":  { "File": "character_sonic.bmp", "Rect": "1122,241,44,44", "Center": "34,22" },
	"character_sonic_0x62":  { "File": "character_sonic.bmp", "Rect": "4,303,44,44", "Center": "20,19" },
	"character_sonic_0x63":  { "File": "character_sonic.bmp", "Rect": "56,303,44,56", "Center": "22,27" },
	"character_sonic_0x64":  { "File": "character_sonic.bmp", "Rect": "101,303,44,44", "Center": "23,21" },
	"character_sonic_0x65":  { "File": "character_sonic.bmp", "Rect": "146,303,44,47", "Center": "23,24" },
	"character_sonic_0x66":  { "File": "character_sonic.bmp", "Rect": "191,303,44,54", "Center": "23,27" },
	"character_sonic_0x67":  { "File": "character_sonic.bmp", "Rect": "236,303,44,44", "Center": "23,25" },
	"character_sonic_0x68":  { "File": "character_sonic.bmp", "Rect": "281,303,44,44", "Center": "23,25" },
	"character_sonic_0x69":  { "File": "character_sonic.bmp", "Rect": "4,182,44,44", "Center": "21,22" },
	"character_sonic_0x6a":  { "File": "character_sonic.bmp", "Rect": "49,182,44,44", "Center": "22,24" },
	"character_sonic_0x6b":  { "File": "character_sonic.bmp", "Rect": "94,182,44,44", "Center": "21,22" },
	"character_sonic_0x6c":  { "File": "character_sonic.bmp", "Rect": "333,303,44,44", "Center": "25,22" },
	"character_sonic_0x6d":  { "File": "character_sonic.bmp", "Rect": "378,303,44,44", "Center": "23,22" },
	"character_sonic_0x6e":  { "File": "character_sonic.bmp", "Rect": "423,303,44,44", "Center": "23,20" },
	"character_sonic_0x6f":  { "File": "character_sonic.bmp", "Rect": "468,303,44,44", "Center": "22,22" },
	"character_sonic_0x70":  { "File": "character_sonic.bmp", "Rect": "513,303,44,44", "Center": "21,22" },
	"character_sonic_0x71":  { "File": "character_sonic.bmp", "Rect": "558,303,44,44", "Center": "18,21" },
	"character_sonic_0x72":  { "File": "character_sonic.bmp", "Rect": "603,303,44,44", "Center": "18,21" },
	"character_sonic_0x73":  { "File": "character_sonic.bmp", "Rect": "648,303,44,44", "Center": "21,21" },
	"character_sonic_0x74":  { "File": "character_sonic.bmp", "Rect": "693,303,44,44", "Center": "19,20" },
	"character_sonic_0x75":  { "File": "character_sonic.bmp", "Rect": "738,303,44,44", "Center": "23,23" },
	"character_sonic_0x76":  { "File": "character_sonic.bmp", "Rect": "783,303,44,44", "Center": "20,22" },
	"character_sonic_0x77":  { "File": "character_sonic.bmp", "Rect": "828,303,44,44", "Center": "16,13" },
	"character_sonic_0x78":  { "File": "character_sonic.bmp", "Rect": "4,365,44,44", "Center": "24,26" },
	"character_sonic_0x79":  { "File": "character_sonic.bmp", "Rect": "49,365,44,44", "Center": "31,26" },
	"character_sonic_0x7a":  { "File": "character_sonic.bmp", "Rect": "94,365,44,44", "Center": "27,20" },
	"character_sonic_0x7b":  { "File": "character_sonic.bmp", "Rect": "319,365,44,44", "Center": "27,18" },
	"character_sonic_0x7c":  { "File": "character_sonic.bmp", "Rect": "184,365,44,44", "Center": "23,21" },
	"character_sonic_0x7d":  { "File": "character_sonic.bmp", "Rect": "319,365,44,44", "Center": "20,13" },
	"character_sonic_0x7e":  { "File": "character_sonic.bmp", "Rect": "274,365,44,44", "Center": "23,18" },
	"character_sonic_0x7f":  { "File": "character_sonic.bmp", "Rect": "792,365,40,48", "Center": "13,28" },
	"character_sonic_0x80":  { "File": "character_sonic.bmp", "Rect": "371,365,44,50", "Center": "19,24" },
	"character_sonic_0x81":  { "File": "character_sonic.bmp", "Rect": "416,365,44,50", "Center": "24,24" },
	"character_sonic_0x82":  { "File": "character_sonic.bmp", "Rect": "461,365,44,50", "Center": "24,24" },
	"character_sonic_0x83":  { "File": "character_sonic.bmp", "Rect": "506,365,44,50", "Center": "22,24" },
	"character_sonic_0x84":  { "File": "character_sonic.bmp", "Rect": "551,365,44,50", "Center": "25,24" },
	"character_sonic_0x85":  { "File": "character_sonic.bmp", "Rect": "596,365,44,50", "Center": "23,24" },
	"character_sonic_0x86":  { "File": "character_sonic.bmp", "Rect": "648,365,44,44", "Center": "18,17" },
	"character_sonic_0x87":  { "File": "character_sonic.bmp", "Rect": "693,365,44,44", "Center": "18,17" },
	"character_sonic_0x88":  { "File": "character_sonic.bmp", "Rect": "738,365,44,44", "Center": "18,17" },
	"character_sonic_0x89":  { "File": "character_sonic.bmp", "Rect": "783,365,44,44", "Center": "18,17" },
	"character_sonic_0x8a":  { "File": "character_sonic.bmp", "Rect": "828,365,44,44", "Center": "18,17" },
	"character_sonic_0x8b":  { "File": "character_sonic.bmp", "Rect": "873,365,44,44", "Center": "18,17" },
	"character_sonic_0x8c":  { "File": "character_sonic.bmp", "Rect": "925,365,44,44", "Center": "22,24" },
	"character_sonic_0x8d":  { "File": "character_sonic.bmp", "Rect": "970,365,44,44", "Center": "22,23" },
	"character_sonic_0x8e":  { "File": "character_sonic.bmp", "Rect": "1022,365,44,44", "Center": "25,21" },
	"character_sonic_0x8f":  { "File": "character_sonic.bmp", "Rect": "1074,365,44,44", "Center": "24,19" },
	"character_sonic_0x90":  { "File": "character_sonic.bmp", "Rect": "4,427,44,44", "Center": "19,25" },
	"character_sonic_0x91":  { "File": "character_sonic.bmp", "Rect": "49,427,44,44", "Center": "18,26" },
	"character_sonic_0x92":  { "File": "character_sonic.bmp", "Rect": "94,427,44,44", "Center": "18,26" },
	"character_sonic_0x93":  { "File": "character_sonic.bmp", "Rect": "139,427,44,44", "Center": "21,27" },
	"character_sonic_0x94":  { "File": "character_sonic.bmp", "Rect": "191,427,44,50", "Center": "22,24" },
	"character_sonic_0x95":  { "File": "character_sonic.bmp", "Rect": "236,427,44,50", "Center": "23,24" },
	"character_sonic_0x96":  { "File": "character_sonic.bmp", "Rect": "288,427,44,44", "Center": "23,22" },
	"character_sonic_0x97":  { "File": "character_sonic.bmp", "Rect": "333,427,44,44", "Center": "23,22" },
	"character_sonic_0x98":  { "File": "character_sonic.bmp", "Rect": "378,427,44,44", "Center": "23,22" },
	"character_sonic_0x99":  { "File": "character_sonic.bmp", "Rect": "423,427,44,44", "Center": "23,22" },
	"character_sonic_0x9a":  { "File": "character_sonic.bmp", "Rect": "468,427,44,44", "Center": "23,22" },
	"character_sonic_0x9b":  { "File": "character_sonic.bmp", "Rect": "521,427,44,44", "Center": "19,22" },
	"character_sonic_0x9c":  { "File": "character_sonic.bmp", "Rect": "566,427,44,44", "Center": "18,22" },
	"character_sonic_0x9d":  { "File": "character_sonic.bmp", "Rect": "618,427,44,44", "Center": "21,23" },
	"character_sonic_0x9e":  { "File": "character_sonic.bmp", "Rect": "663,427,44,44", "Center": "20,23" },
	"character_sonic_0x9f":  { "File": "character_sonic.bmp", "Rect": "708,427,44,44", "Center": "22,23" },
	"character_sonic_0xa0":  { "File": "character_sonic.bmp", "Rect": "753,427,44,44", "Center": "23,23" },
	"character_sonic_0xa1":  { "File": "character_sonic.bmp", "Rect": "805,427,44,44", "Center": "22,20" },
	"character_sonic_0xa2":  { "File": "character_sonic.bmp", "Rect": "850,427,44,44", "Center": "28,27" },
	"character_sonic_0xa3":  { "File": "character_sonic.bmp", "Rect": "895,427,44,44", "Center": "17,28" },
	"character_sonic_0xa4":  { "File": "character_sonic.bmp", "Rect": "947,427,44,44", "Center": "33,21" },
	"character_sonic_0xa5":  { "File": "character_sonic.bmp", "Rect": "992,427,44,44", "Center": "36,21" },
	"character_sonic_0xa6":  { "File": "character_sonic.bmp", "Rect": "1037,427,44,44", "Center": "31,21" },
	"character_sonic_0xa7":  { "File": "character_sonic.bmp", "Rect": "1089,427,44,44", "Center": "18,20" },
	"character_sonic_0xa8":  { "File": "character_sonic.bmp", "Rect": "400,550,40,40", "Center": "16,20" },
	"character_sonic_0xa9":  { "File": "character_sonic.bmp", "Rect": "1134,427,44,44", "Center": "19,21" },
	"character_sonic_0xaa":  { "File": "character_sonic.bmp", "Rect": "4,489,48,44", "Center": "26,23" },
	"character_sonic_0xab":  { "File": "character_sonic.bmp", "Rect": "53,489,47,44", "Center": "26,23" },
	"character_sonic_0xac":  { "File": "character_sonic.bmp", "Rect": "115,489,44,44", "Center": "22,22" },
	"character_sonic_0xb0":  { "File": "character_sonic.bmp", "Rect": "167,489,44,44", "Center": "22,22" },
	"character_sonic_0xb1":  { "File": "character_sonic.bmp", "Rect": "212,489,44,44", "Center": "22,22" },
	"character_sonic_0xb2":  { "File": "character_sonic.bmp", "Rect": "257,489,44,44", "Center": "23,22" },
	"character_sonic_0xb3":  { "File": "character_sonic.bmp", "Rect": "302,489,44,44", "Center": "23,22" },
	"character_sonic_0xb4":  { "File": "character_sonic.bmp", "Rect": "354,489,44,48", "Center": "20,26" },
	"character_sonic_0xb5":  { "File": "character_sonic.bmp", "Rect": "399,489,44,47", "Center": "20,26" },
	"character_sonic_0xb6":  { "File": "character_sonic.bmp", "Rect": "451,489,44,44", "Center": "25,22" },
	"character_sonic_0xb7":  { "File": "character_sonic.bmp", "Rect": "496,489,44,44", "Center": "22,22" },
	"character_sonic_0xb8":  { "File": "character_sonic.bmp", "Rect": "541,489,44,44", "Center": "25,22" },
	"character_sonic_0xb9":  { "File": "character_sonic.bmp", "Rect": "586,489,44,44", "Center": "22,22" },
	"character_sonic_0xba":  { "File": "character_sonic.bmp", "Rect": "638,489,44,44", "Center": "23,22" },
	"character_sonic_0xbb":  { "File": "character_sonic.bmp", "Rect": "690,489,44,44", "Center": "22,21" },
	"character_sonic_0xbc":  { "File": "character_sonic.bmp", "Rect": "735,489,44,44", "Center": "21,21" },
	"character_sonic_0xbd":  { "File": "character_sonic.bmp", "Rect": "780,489,44,44", "Center": "22,21" },
	"character_sonic_0xbe":  { "File": "character_sonic.bmp", "Rect": "825,489,44,44", "Center": "22,21" },
	"character_sonic_0xad":  { "File": "character_sonic.bmp", "Rect": "877,489,44,44", "Center": "21,22" },
	"character_sonic_0xae":  { "File": "character_sonic.bmp", "Rect": "922,489,44,44", "Center": "21,22" },
	"character_sonic_0xaf":  { "File": "character_sonic.bmp", "Rect": "967,489,44,44", "Center": "24,22" },
	"character_sonic_0xd9":  { "File": "character_sonic.bmp", "Rect": "1012,489,44,44", "Center": "20,22" },
	"character_sonic_0xda":  { "File": "character_sonic.bmp", "Rect": "4,550,44,44", "Center": "20,22" },
	"character_sonic_0xdb":  { "File": "character_sonic.bmp", "Rect": "49,550,44,44", "Center": "20,22" },
	"character_sonic_0xdc":  { "File": "character_sonic.bmp", "Rect": "628,736,32,40", "Center": "15,20" },
	"character_sonic_0xdd":  { "File": "character_sonic.bmp", "Rect": "684,735,32,41", "Center": "15,21" },
	"character_sonic_0xde":  { "File": "character_sonic.bmp", "Rect": "740,736,32,40", "Center": "15,20" },
	"character_sonic_0xbf":  { "File": "character_sonic.bmp", "Rect": "4,550,44,44", "Center": "20,22" },
	"character_sonic_0xc0":  { "File": "character_sonic.bmp", "Rect": "49,550,44,44", "Center": "20,22" },
	"character_sonic_0xc1":  { "File": "character_sonic.bmp", "Rect": "94,550,44,44", "Center": "20,22" },
	"character_sonic_0xc2":  { "File": "character_sonic.bmp", "Rect": "139,550,44,44", "Center": "20,22" },
	"character_sonic_0xc3":  { "File": "character_sonic.bmp", "Rect": "191,550,44,44", "Center": "24,22" },
	"character_sonic_0xc4":  { "File": "character_sonic.bmp", "Rect": "236,550,44,44", "Center": "24,22" },
	"character_sonic_0xc5":  { "File": "character_sonic.bmp", "Rect": "300,559,48,24", "Center": "19,20" },
	"character_sonic_0xc6":  { "File": "character_sonic.bmp", "Rect": "360,559,41,24", "Center": "18,20" },
	"character_sonic_0xc7":  { "File": "character_sonic.bmp", "Rect": "414,559,44,24", "Center": "19,20" },
	"character_sonic_0xc8":  { "File": "character_sonic.bmp", "Rect": "300,559,48,24", "Center": "17,12" },
	"character_sonic_0xc9":  { "File": "character_sonic.bmp", "Rect": "360,559,41,24", "Center": "15,13" },
	"character_sonic_0xca":  { "File": "character_sonic.bmp", "Rect": "414,559,44,24", "Center": "22,13" },
	"character_sonic_0xcb":  { "File": "character_sonic.bmp", "Rect": "471,559,41,24", "Center": "26,13" },
	"character_sonic_0xcc":  { "File": "character_sonic.bmp", "Rect": "524,559,48,24", "Center": "30,13" },
	"character_sonic_0xcd":  { "File": "character_sonic.bmp", "Rect": "584,559,40,24", "Center": "26,13" },
	"character_sonic_0xce":  { "File": "character_sonic.bmp", "Rect": "642,559,36,24", "Center": "18,13" },
	"character_sonic_0xcf":  { "File": "character_sonic.bmp", "Rect": "696,559,40,24", "Center": "14,13" },
	"character_sonic_0xd0":  { "File": "character_sonic.bmp", "Rect": "743,551,44,44", "Center": "22,16" },
	"character_sonic_0xd1":  { "File": "character_sonic.bmp", "Rect": "788,551,44,44", "Center": "22,15" },
	"character_sonic_0xd2":  { "File": "character_sonic.bmp", "Rect": "840,551,44,44", "Center": "13,17" },
	"character_sonic_0xd3":  { "File": "character_sonic.bmp", "Rect": "885,551,44,53", "Center": "15,24" },
	"character_sonic_0xd4":  { "File": "character_sonic.bmp", "Rect": "930,551,44,53", "Center": "15,26" },
	"character_sonic_0xd5":  { "File": "character_sonic.bmp", "Rect": "975,551,44,53", "Center": "15,24" },
	"character_sonic_0xd6":  { "File": "character_sonic.bmp", "Rect": "1020,551,44,53", "Center": "14,24" },
	"character_sonic_0xd7":  { "File": "character_sonic.bmp", "Rect": "1072,551,44,44", "Center": "22,16" },
	"character_sonic_0xd8":  { "File": "character_sonic.bmp", "Rect": "1117,551,44,44", "Center": "22,15" },
	"character_sonic_0xdf":  { "File": "character_sonic.bmp", "Rect": "4,611,44,44", "Center": "23,20" },
	"character_sonic_0xe0":  { "File": "character_sonic.bmp", "Rect": "49,611,44,44", "Center": "24,23" },
	"character_sonic_0xe1":  { "File": "character_sonic.bmp", "Rect": "94,611,44,44", "Center": "26,23" },
	"character_sonic_0xe2":  { "File": "character_sonic.bmp", "Rect": "139,611,44,44", "Center": "22,22" },
	"character_sonic_0xe3":  { "File": "character_sonic.bmp", "Rect": "184,611,44,44", "Center": "28,26" },
	"character_sonic_0xe4":  { "File": "character_sonic.bmp", "Rect": "236,611,44,47", "Center": "25,24" },
	"character_sonic_0xe5":  { "File": "character_sonic.bmp", "Rect": "281,611,44,47", "Center": "23,23" },
	"character_sonic_0xe6":  { "File": "character_sonic.bmp", "Rect": "326,611,44,48", "Center": "25,23" },
	"character_sonic_0xe7":  { "File": "character_sonic.bmp", "Rect": "371,611,44,50", "Center": "22,24" },
	"character_sonic_0xe8":  { "File": "character_sonic.bmp", "Rect": "416,611,44,50", "Center": "19,24" },
	"character_sonic_0xe9":  { "File": "character_sonic.bmp", "Rect": "461,611,44,50", "Center": "19,25" },
	"character_sonic_0xea":  { "File": "character_sonic.bmp", "Rect": "506,611,44,48", "Center": "22,24" },
	"character_sonic_0xeb":  { "File": "character_sonic.bmp", "Rect": "568,611,44,48", "Center": "20,24" },
	"character_sonic_0xec":  { "File": "character_sonic.bmp", "Rect": "620,611,44,40", "Center": "24,20" },
	"character_sonic_0xed":  { "File": "character_sonic.bmp", "Rect": "684,611,44,48", "Center": "16,24" },
	"character_sonic_0xee":  { "File": "character_sonic.bmp", "Rect": "732,792,48,40", "Center": "24,20" },
	"character_sonic_0xef":  { "File": "character_sonic.bmp", "Rect": "4,672,44,44", "Center": "24,24" },
	"character_sonic_0xf0":  { "File": "character_sonic.bmp", "Rect": "49,672,44,44", "Center": "24,24" },
	"character_sonic_0xf1":  { "File": "character_sonic.bmp", "Rect": "94,672,44,44", "Center": "24,24" },
	"character_sonic_0xf2":  { "File": "character_sonic.bmp", "Rect": "139,672,44,44", "Center": "24,24" },
	"character_sonic_0xf3":  { "File": "character_sonic.bmp", "Rect": "184,672,44,44", "Center": "24,24" },
	"character_sonic_0xf4":  { "File": "character_sonic.bmp", "Rect": "229,672,44,44", "Center": "24,24" },
	"character_sonic_0xf5":  { "File": "character_sonic.bmp", "Rect": "274,672,44,44", "Center": "24,24" },
	"character_sonic_0xf6":  { "File": "character_sonic.bmp", "Rect": "319,672,44,44", "Center": "24,24" },
	"character_sonic_0xf7":  { "File": "character_sonic.bmp", "Rect": "364,672,44,44", "Center": "24,24" },
	"character_sonic_0xf8":  { "File": "character_sonic.bmp", "Rect": "409,672,44,44", "Center": "24,24" },
	"character_sonic_0xf9":  { "File": "character_sonic.bmp", "Rect": "454,672,44,44", "Center": "24,24" },
	"character_sonic_0xfa":  { "File": "character_sonic.bmp", "Rect": "499,672,44,44", "Center": "24,24" }
}