{
	"sonic_dropdash0_0":  { "File": "character_sonic_dropdash.bmp", "Rect": "0,0,48,48", "Center": "24,28" },
	"sonic_dropdash0_1":  { "File": "character_sonic_dropdash.bmp", "Rect": "49,0,48,48", "Center": "24,28" },
	"sonic_dropdash0_2":  { "File": "character_sonic_dropdash.bmp", "Rect": "98,0,48,48", "Center": "24,28" },
	"sonic_dropdash1_0":  { "File": "character_sonic_dropdash.bmp", "Rect": "147,0,48,48", "Center": "24,28" },
	"sonic_dropdash1_1":  { "File": "character_sonic_dropdash.bmp", "Rect": "196,0,48,48", "Center": "24,28" },
	"sonic_dropdash_0":  { "File": "character_sonic_dropdash.bmp", "Rect": "147,0,48,48", "Center": "24,28" },
	"sonic_dropdash_1":  { "File": "character_sonic_dropdash.bmp", "Rect": "196,0,48,48", "Center": "24,28" }
	
}