{
	"Sonic_Sleep_0":  { "File": "character_sonic.bmp", "Rect": "4,550,44,44", "Center": "22,22" },
	"Sonic_Sleep_1":  { "File": "character_sonic.bmp", "Rect": "49,550,44,44", "Center": "22,22" },
	"Sonic_Sleep_2":  { "File": "character_sonic.bmp", "Rect": "94,550,44,44", "Center": "22,22" },
	"Sonic_Sleep_3":  { "File": "character_sonic.bmp", "Rect": "139,550,44,44", "Center": "22,22" },
	"sonic_victory_0":  { "File": "Sonic.bmp", "Rect": "10,875,64,64", "Center": "32,44" },
	"sonic_victory_1":  { "File": "Sonic.bmp", "Rect": "75,875,64,64", "Center": "32,44" },
	"sonic_victory_2":  { "File": "Sonic.bmp", "Rect": "140,875,64,64", "Center": "32,44" },
	"sonic_victory_3":  { "File": "Sonic.bmp", "Rect": "205,875,64,64", "Center": "32,44" },
	"sonic_victory_4":  { "File": "Sonic.bmp", "Rect": "270,875,64,64", "Center": "32,44" },
	"sonic_victory_5":  { "File": "Sonic.bmp", "Rect": "335,875,64,64", "Center": "32,44" },
	"sonic_victory_6":  { "File": "Sonic.bmp", "Rect": "400,875,64,64", "Center": "32,44" },
	"sonic_victory_7":  { "File": "Sonic.bmp", "Rect": "465,875,64,64", "Center": "32,44" },
	"sonic_victory_8":  { "File": "Sonic.bmp", "Rect": "530,875,64,64", "Center": "32,44" },
	"sonic_victory_9":  { "File": "Sonic.bmp", "Rect": "595,875,64,64", "Center": "32,44" },
	"Goal_animes_sonic_0":  { "File": "Sonic.bmp", "Rect": "1088,745,48,32", "Center": "24,16" },
	"Goal_animes_sonic_1":  { "File": "Sonic.bmp", "Rect": "1137,745,48,32", "Center": "24,16" },
	"Goal_animes_sonic_2":  { "File": "Sonic.bmp", "Rect": "1186,745,48,32", "Center": "24,16" },
	"Goal_animes_sonic_3":  { "File": "Sonic.bmp", "Rect": "1235,745,48,32", "Center": "24,16" },
	"maniainsp_signpost_sonic":  { "File": "signpost_sonic.bmp", "Rect": "0,0,48,32", "Center": "24,16" },
	"sonic_tornado_m_0":  { "File": "Sonic.bmp", "Rect": "1039,744,48,48", "Center": "24,28" },
	"sonic_tornado_m_1":  { "File": "Sonic.bmp", "Rect": "990,744,48,48", "Center": "24,28" }
}