{
	"BS_Sonic_Standing":  { "File": "A_stuff.bmp", "Rect": "0,661,48,56", "Center": "24,44" },
	"BS_Sonic_Walking_0":  { "File": "A_stuff.bmp", "Rect": "49,661,48,56", "Center": "24,44" },
	"BS_Sonic_Walking_1":  { "File": "A_stuff.bmp", "Rect": "98,661,48,56", "Center": "24,44" },
	"BS_Sonic_Walking_2":  { "File": "A_stuff.bmp", "Rect": "147,661,48,56", "Center": "24,44" },
	"BS_Sonic_Walking_3":  { "File": "A_stuff.bmp", "Rect": "196,661,48,56", "Center": "24,44" },
	"BS_Sonic_Walking_4":  { "File": "A_stuff.bmp", "Rect": "245,661,48,56", "Center": "24,44" },
	"BS_Sonic_Walking_5":  { "File": "A_stuff.bmp", "Rect": "294,661,48,56", "Center": "24,44" },
	"BS_Sonic_Walking_6":  { "File": "A_stuff.bmp", "Rect": "343,661,48,56", "Center": "24,44" },
	"BS_Sonic_Walking_7":  { "File": "A_stuff.bmp", "Rect": "392,661,48,56", "Center": "24,44" },
	"BS_Sonic_Walking_8":  { "File": "A_stuff.bmp", "Rect": "441,661,48,56", "Center": "24,44" },
	"BS_Sonic_Walking_9":  { "File": "A_stuff.bmp", "Rect": "490,661,48,56", "Center": "24,44" },
	"BS_Sonic_Walking_10":  { "File": "A_stuff.bmp", "Rect": "539,661,48,56", "Center": "24,44" },
	"BS_Sonic_Walking_11":  { "File": "A_stuff.bmp", "Rect": "588,661,48,56", "Center": "24,44" },
	"BS_Sonic_Rolling_0":  { "File": "A_stuff.bmp", "Rect": "637,661,48,56", "Center": "24,44" },
	"BS_Sonic_Rolling_1":  { "File": "A_stuff.bmp", "Rect": "686,661,48,56", "Center": "24,44" },
	"BS_Sonic_Rolling_2":  { "File": "A_stuff.bmp", "Rect": "735,661,48,56", "Center": "24,44" },
	"BS_Sonic_Rolling_3":  { "File": "A_stuff.bmp", "Rect": "637,661,48,56", "Center": "24,44" },
	"BS_Sonic_Rolling_4":  { "File": "A_stuff.bmp", "Rect": "686,661,48,56", "Center": "24,44" },
	"BS_Sonic_Rolling_5":  { "File": "A_stuff.bmp", "Rect": "784,661,48,56", "Center": "24,44" },
	"BS_Sonic_Rolling_6":  { "File": "A_stuff.bmp", "Rect": "637,661,48,56", "Center": "24,44" },
	"BS_Sonic_Rolling_7":  { "File": "A_stuff.bmp", "Rect": "686,661,48,56", "Center": "24,44" },
	"BS_Sonic_Rolling_8":  { "File": "A_stuff.bmp", "Rect": "833,661,48,56", "Center": "24,44" },
	"BS_Sonic_Rolling_9":  { "File": "A_stuff.bmp", "Rect": "637,661,48,56", "Center": "24,44" },
	"BS_Sonic_Rolling_10":  { "File": "A_stuff.bmp", "Rect": "686,661,48,56", "Center": "24,44" },
	"BS_Sonic_Rolling_11":  { "File": "A_stuff.bmp", "Rect": "882,661,48,56", "Center": "24,44" }
}