{
	"Sonic_falling_d_0":  { "File": "Sonic.bmp", "Rect": "682,875,48,56", "Center": "24,28" },
	"Sonic_falling_d_1":  { "File": "Sonic.bmp", "Rect": "731,875,48,56", "Center": "24,28" },
	"Sonic_falling_d_2":  { "File": "Sonic.bmp", "Rect": "780,875,48,56", "Center": "24,28" },
	"Sonic_falling_d_3":  { "File": "Sonic.bmp", "Rect": "829,875,48,56", "Center": "24,28" },
	"SuperSonic_falling_d_0":  { "File": "SuperSonic.bmp", "Rect": "1005,1074,42,56", "Center": "20,32" },
	"SuperSonic_falling_d_1":  { "File": "SuperSonic.bmp", "Rect": "1047,1074,42,56", "Center": "20,32" },
	"SuperSonic_falling_d_2":  { "File": "SuperSonic.bmp", "Rect": "1089,1074,42,56", "Center": "20,32" },
	"SuperSonic_falling_d_3":  { "File": "SuperSonic.bmp", "Rect": "1131,1074,42,56", "Center": "20,32" }
}