{
	"supersonic_peelout_mania_0":  { "File": "jor_stuff.bmp", "Rect": "0,0,48,48", "Center": "24,27" },
	"supersonic_peelout_mania_1":  { "File": "jor_stuff.bmp", "Rect": "49,0,48,48", "Center": "24,27" },
	"supersonic_peelout_mania_2":  { "File": "jor_stuff.bmp", "Rect": "98,0,48,48", "Center": "24,27" },
	"supersonic_peelout_mania_3":  { "File": "jor_stuff.bmp", "Rect": "147,0,48,48", "Center": "24,27" },
	"supersonic_peelout_tt_0":  { "File": "jor_stuff.bmp", "Rect": "0,147,48,48", "Center": "24,27" },
	"supersonic_peelout_tt_1":  { "File": "jor_stuff.bmp", "Rect": "49,147,48,48", "Center": "24,27" },
	"supersonic_peelout_tt_2":  { "File": "jor_stuff.bmp", "Rect": "98,147,48,48", "Center": "24,27" },
	"supersonic_peelout_tt_3":  { "File": "jor_stuff.bmp", "Rect": "147,147,48,48", "Center": "24,27" },
	"supersonic_peelout_chaotix_0":  { "File": "jor_stuff.bmp", "Rect": "0,196,48,48", "Center": "24,27" },
	"supersonic_peelout_chaotix_1":  { "File": "jor_stuff.bmp", "Rect": "49,196,48,48", "Center": "24,27" },
	"supersonic_peelout_chaotix_2":  { "File": "jor_stuff.bmp", "Rect": "98,196,48,48", "Center": "24,27" },
	"supersonic_peelout_chaotix_3":  { "File": "jor_stuff.bmp", "Rect": "147,196,48,48", "Center": "24,27" },
	"tornado_anim_mania_0":  { "File": "jor_stuff.bmp", "Rect": "217,0,48,48", "Center": "24,28" },
	"tornado_anim_mania_1":  { "File": "jor_stuff.bmp", "Rect": "266,0,48,48", "Center": "24,28" },
	"tornado_anim_mania_2":  { "File": "jor_stuff.bmp", "Rect": "315,0,48,48", "Center": "24,28" },
	"tornado_anim_mania_3":  { "File": "jor_stuff.bmp", "Rect": "364,0,48,48", "Center": "24,28" },
	"tornado_anim_crouch_0":  { "File": "jor_stuff.bmp", "Rect": "217,49,48,48", "Center": "24,28" },
	"tornado_anim_crouch_1":  { "File": "jor_stuff.bmp", "Rect": "266,49,48,48", "Center": "24,28" },
	"tornado_anim_crouch_2":  { "File": "jor_stuff.bmp", "Rect": "315,49,48,48", "Center": "24,28" },
	"tornado_anim_crouch_3":  { "File": "jor_stuff.bmp", "Rect": "364,49,48,48", "Center": "24,28" },
	"m_micro_tornado_0":  { "File": "character_sonic.bmp", "Rect": "867,680,16,20", "Center": "10,12" },
	"m_micro_tornado_1":  { "File": "character_sonic.bmp", "Rect": "867,701,16,20", "Center": "10,12" },
	"c_micro_tornado_0":  { "File": "character_sonic.bmp", "Rect": "867,723,17,14", "Center": "10,6" },
	"c_micro_tornado_1":  { "File": "character_sonic.bmp", "Rect": "867,738,17,14", "Center": "10,6" }
}