{
	"Sonic_Looking_up_0":  { "File": "Sonic.bmp", "Rect": "10,741,48,48", "Center": "24,28" },
	"Sonic_Looking_up_1":  { "File": "Sonic.bmp", "Rect": "59,741,48,48", "Center": "24,28" },
	"Sonic_Looking_up_2":  { "File": "Sonic.bmp", "Rect": "108,741,48,48", "Center": "24,28" },
	"Sonic_Looking_up_3":  { "File": "Sonic.bmp", "Rect": "157,741,48,48", "Center": "24,28" },
	"Sonic_Looking_up_4":  { "File": "Sonic.bmp", "Rect": "206,741,48,48", "Center": "24,28" },
	"Sonic_Looking_up2_4":  { "File": "Sonic.bmp", "Rect": "10,741,48,48", "Center": "24,28" },
	"Sonic_Looking_up2_3":  { "File": "Sonic.bmp", "Rect": "10,741,48,48", "Center": "24,28" },
	"Sonic_Looking_up2_2":  { "File": "Sonic.bmp", "Rect": "10,741,48,48", "Center": "24,28" },
	"Sonic_Looking_up2_1":  { "File": "Sonic.bmp", "Rect": "206,940,48,48", "Center": "24,28" },
	"Sonic_Looking_up2_0":  { "File": "Sonic.bmp", "Rect": "206,940,48,48", "Center": "24,28" },
	"Sonic_Looking_down_0":  { "File": "Sonic.bmp", "Rect": "266,741,48,48", "Center": "23,28" },
	"Sonic_Looking_down_1":  { "File": "Sonic.bmp", "Rect": "315,741,48,48", "Center": "23,28" },
	"Sonic_Looking_down_2":  { "File": "Sonic.bmp", "Rect": "364,741,48,48", "Center": "23,28" },
	"Sonic_Looking_down_3":  { "File": "Sonic.bmp", "Rect": "413,741,48,48", "Center": "23,28" },
	"Sonic_Looking_down2_0":  { "File": "Sonic.bmp", "Rect": "266,942,48,48", "Center": "25,28" },
	"Sonic_Looking_down2_1":  { "File": "Sonic.bmp", "Rect": "315,942,48,48", "Center": "25,28" },
	"Sonic_Looking_down2_2":  { "File": "Sonic.bmp", "Rect": "364,942,48,48", "Center": "25,28" },
	"Sonic_Looking_down2_3":  { "File": "Sonic.bmp", "Rect": "413,942,48,48", "Center": "25,28" },
	"Xreference":  { "File": "A_stuff.bmp", "Rect": "1107,12,48,48", "Center": "24,27" },
	"sonic_walk_0":  { "File": "Sonic.bmp", "Rect": "2,8,48,48", "Center": "24,28" },
	"sonic_walk_1":  { "File": "Sonic.bmp", "Rect": "51,8,48,48", "Center": "24,28" },
	"sonic_walk_2":  { "File": "Sonic.bmp", "Rect": "100,8,48,48", "Center": "24,28" },
	"sonic_walk_3":  { "File": "Sonic.bmp", "Rect": "149,8,48,48", "Center": "24,28" },
	"sonic_walk_4":  { "File": "Sonic.bmp", "Rect": "198,8,48,48", "Center": "24,28" },
	"sonic_walk_5":  { "File": "Sonic.bmp", "Rect": "247,8,48,48", "Center": "24,28" },
	"sonic_walk_6":  { "File": "Sonic.bmp", "Rect": "296,8,48,48", "Center": "24,28" },
	"sonic_walk_7":  { "File": "Sonic.bmp", "Rect": "345,8,48,48", "Center": "24,28" },
	"sonic_walk_8":  { "File": "Sonic.bmp", "Rect": "394,8,48,48", "Center": "24,28" },
	"sonic_walk_9":  { "File": "Sonic.bmp", "Rect": "443,8,48,48", "Center": "24,28" },
	"sonic_walk_10":  { "File": "Sonic.bmp", "Rect": "492,8,48,48", "Center": "24,28" },
	"sonic_walk_11":  { "File": "Sonic.bmp", "Rect": "541,8,48,48", "Center": "24,28" },
	"sonic_airwalk_0":  { "File": "Sonic.bmp", "Rect": "601,8,48,56", "Center": "24,28" },
	"sonic_airwalk_1":  { "File": "Sonic.bmp", "Rect": "650,8,48,56", "Center": "24,28" },
	"sonic_airwalk_2":  { "File": "Sonic.bmp", "Rect": "699,8,48,56", "Center": "24,28" },
	"sonic_airwalk_3":  { "File": "Sonic.bmp", "Rect": "748,8,48,56", "Center": "24,28" },
	"sonic_airwalk_4":  { "File": "Sonic.bmp", "Rect": "797,8,48,56", "Center": "24,28" },
	"sonic_airwalk_5":  { "File": "Sonic.bmp", "Rect": "846,8,48,56", "Center": "24,28" },
	"sonic_airwalk_6":  { "File": "Sonic.bmp", "Rect": "895,8,48,56", "Center": "24,28" },
	"sonic_airwalk_7":  { "File": "Sonic.bmp", "Rect": "944,8,48,56", "Center": "24,28" },
	"sonic_airwalk_8":  { "File": "Sonic.bmp", "Rect": "993,8,48,56", "Center": "24,28" },
	"sonic_airwalk_9":  { "File": "Sonic.bmp", "Rect": "1042,8,48,56", "Center": "24,28" },
	"sonic_airwalk_10":  { "File": "Sonic.bmp", "Rect": "1091,8,48,56", "Center": "24,28" },
	"sonic_airwalk_11":  { "File": "Sonic.bmp", "Rect": "1140,8,48,56", "Center": "24,28" },
	"sonic_jog_0":  { "File": "Sonic.bmp", "Rect": "2,74,48,48", "Center": "24,28" },
	"sonic_jog_1":  { "File": "Sonic.bmp", "Rect": "51,74,48,48", "Center": "24,28" },
	"sonic_jog_2":  { "File": "Sonic.bmp", "Rect": "100,74,48,48", "Center": "24,28" },
	"sonic_jog_3":  { "File": "Sonic.bmp", "Rect": "149,74,48,48", "Center": "24,28" },
	"sonic_jog_4":  { "File": "Sonic.bmp", "Rect": "198,74,48,48", "Center": "24,28" },
	"sonic_jog_5":  { "File": "Sonic.bmp", "Rect": "247,74,48,48", "Center": "24,28" },
	"sonic_jog_6":  { "File": "Sonic.bmp", "Rect": "296,74,48,48", "Center": "24,28" },
	"sonic_jog_7":  { "File": "Sonic.bmp", "Rect": "345,74,48,48", "Center": "24,28" },
	"sonic_jog_8":  { "File": "Sonic.bmp", "Rect": "394,74,48,48", "Center": "24,28" },
	"sonic_jog_9":  { "File": "Sonic.bmp", "Rect": "443,74,48,48", "Center": "24,28" },
	"sonic_run_0":  { "File": "Sonic.bmp", "Rect": "508,74,48,48", "Center": "24,28" },
	"sonic_run_1":  { "File": "Sonic.bmp", "Rect": "557,74,48,48", "Center": "24,28" },
	"sonic_run_2":  { "File": "Sonic.bmp", "Rect": "606,74,48,48", "Center": "24,28" },
	"sonic_run_3":  { "File": "Sonic.bmp", "Rect": "655,74,48,48", "Center": "24,28" },
	"sonic_run_4":  { "File": "Sonic.bmp", "Rect": "704,74,48,48", "Center": "24,28" },
	"sonic_run_5":  { "File": "Sonic.bmp", "Rect": "753,74,48,48", "Center": "24,28" },
	"sonic_run_6":  { "File": "Sonic.bmp", "Rect": "802,74,48,48", "Center": "24,28" },
	"sonic_run_7":  { "File": "Sonic.bmp", "Rect": "851,74,48,48", "Center": "24,28" },
	"sonic_pre_0":  { "File": "Sonic.bmp", "Rect": "1105,74,48,48", "Center": "24,28" },
	"sonic_pre_1":  { "File": "Sonic.bmp", "Rect": "1154,74,48,48", "Center": "24,28" },
	"sonic_pre_2":  { "File": "Sonic.bmp", "Rect": "1203,74,48,48", "Center": "24,28" },
	"sonic_pre_3":  { "File": "Sonic.bmp", "Rect": "1252,74,48,48", "Center": "24,28" },
	"sonic_peelout_0":  { "File": "Sonic.bmp", "Rect": "1105,74,48,48", "Center": "24,28" },
	"sonic_peelout_1":  { "File": "Sonic.bmp", "Rect": "1154,74,48,48", "Center": "24,28" },
	"sonic_peelout_2":  { "File": "Sonic.bmp", "Rect": "1203,74,48,48", "Center": "24,28" },
	"sonic_peelout_3":  { "File": "Sonic.bmp", "Rect": "1252,74,48,48", "Center": "24,28" },
	"sonic_fall_0":  { "File": "Sonic.bmp", "Rect": "5,132,48,48", "Center": "24,26" },
	"sonic_fall_1":  { "File": "Sonic.bmp", "Rect": "54,132,48,48", "Center": "24,26" },
	"sonic_fall_2":  { "File": "Sonic.bmp", "Rect": "103,132,48,48", "Center": "24,26" },
	"sonic_fall_3":  { "File": "Sonic.bmp", "Rect": "152,132,48,48", "Center": "24,26" },
	"sonic_push_0":  { "File": "Sonic.bmp", "Rect": "213,132,48,48", "Center": "24,28" },
	"sonic_push_1":  { "File": "Sonic.bmp", "Rect": "262,132,48,48", "Center": "24,28" },
	"sonic_push_2":  { "File": "Sonic.bmp", "Rect": "311,132,48,48", "Center": "24,28" },
	"sonic_push_3":  { "File": "Sonic.bmp", "Rect": "360,132,48,48", "Center": "24,28" },
	"sonic_push_4":  { "File": "Sonic.bmp", "Rect": "409,132,48,48", "Center": "24,28" },
	"sonic_push_5":  { "File": "Sonic.bmp", "Rect": "458,132,48,48", "Center": "24,28" },
	"sonic_push_6":  { "File": "Sonic.bmp", "Rect": "507,132,48,48", "Center": "24,28" },
	"sonic_push_7":  { "File": "Sonic.bmp", "Rect": "556,132,48,48", "Center": "24,28" },
	"sonic_push_8":  { "File": "Sonic.bmp", "Rect": "605,132,48,48", "Center": "24,28" },
	"sonic_push_9":  { "File": "Sonic.bmp", "Rect": "654,132,48,48", "Center": "24,28" },
	"sonic_fan_0":  { "File": "Sonic.bmp", "Rect": "709,132,64,48", "Center": "32,28" },
	"sonic_fan_1":  { "File": "Sonic.bmp", "Rect": "774,132,64,48", "Center": "32,28" },
	"sonic_fan_2":  { "File": "Sonic.bmp", "Rect": "839,132,64,48", "Center": "32,28" },
	"sonic_fan_3":  { "File": "Sonic.bmp", "Rect": "904,132,64,48", "Center": "32,28" },
	"sonic_fan_4":  { "File": "Sonic.bmp", "Rect": "969,132,64,48", "Center": "32,28" },
	"sonic_fan_5":  { "File": "Sonic.bmp", "Rect": "1034,132,64,48", "Center": "32,28" },
	"sonic_fan_6":  { "File": "Sonic.bmp", "Rect": "1099,132,64,48", "Center": "32,28" },
	"sonic_fan_7":  { "File": "Sonic.bmp", "Rect": "1164,132,64,48", "Center": "32,28" },
	"sonic_fan_8":  { "File": "Sonic.bmp", "Rect": "1229,132,64,48", "Center": "32,28" },
	"sonic_fan_9":  { "File": "Sonic.bmp", "Rect": "1294,132,64,48", "Center": "32,28" },
	"sonic_roll_0":  { "File": "Sonic.bmp", "Rect": "2,189,48,48", "Center": "24,28" },
	"sonic_roll_1":  { "File": "Sonic.bmp", "Rect": "51,189,48,48", "Center": "24,28" },
	"sonic_roll_2":  { "File": "Sonic.bmp", "Rect": "100,189,48,48", "Center": "24,28" },
	"sonic_roll_3":  { "File": "Sonic.bmp", "Rect": "149,189,48,48", "Center": "24,28" },
	"sonic_roll_4":  { "File": "Sonic.bmp", "Rect": "394,189,48,48", "Center": "24,28" },
	"sonic_roll_5":  { "File": "Sonic.bmp", "Rect": "443,189,48,48", "Center": "24,28" },
	"sonic_roll_6":  { "File": "Sonic.bmp", "Rect": "296,189,48,48", "Center": "24,28" },
	"sonic_roll_7":  { "File": "Sonic.bmp", "Rect": "345,189,48,48", "Center": "24,28" },
	"sonic_roll_8":  { "File": "Sonic.bmp", "Rect": "590,189,48,48", "Center": "24,28" },
	"sonic_roll_9":  { "File": "Sonic.bmp", "Rect": "639,189,48,48", "Center": "24,28" },
	"sonic_roll_10":  { "File": "Sonic.bmp", "Rect": "492,189,48,48", "Center": "24,28" },
	"sonic_roll_11":  { "File": "Sonic.bmp", "Rect": "541,189,48,48", "Center": "24,28" },
	"sonic_roll_12":  { "File": "Sonic.bmp", "Rect": "590,189,48,48", "Center": "24,28" },
	"sonic_roll_13":  { "File": "Sonic.bmp", "Rect": "639,189,48,48", "Center": "24,28" },
	"sonic_roll_14":  { "File": "Sonic.bmp", "Rect": "688,189,48,48", "Center": "24,28" },
	"sonic_roll_15":  { "File": "Sonic.bmp", "Rect": "737,189,48,48", "Center": "24,28" },
	"sonic_roll_fast_0":  { "File": "Sonic.bmp", "Rect": "2,189,48,48", "Center": "24,28" },
	"sonic_roll_fast_1":  { "File": "Sonic.bmp", "Rect": "51,189,48,48", "Center": "24,28" },
	"sonic_roll_fast_2":  { "File": "Sonic.bmp", "Rect": "100,189,48,48", "Center": "24,28" },
	"sonic_roll_fast_3":  { "File": "Sonic.bmp", "Rect": "149,189,48,48", "Center": "24,28" },
	"sonic_roll_fast_4":  { "File": "Sonic.bmp", "Rect": "2,189,48,48", "Center": "24,28" },
	"sonic_roll_fast_5":  { "File": "Sonic.bmp", "Rect": "51,189,48,48", "Center": "24,28" },
	"sonic_roll_fast_6":  { "File": "Sonic.bmp", "Rect": "492,189,48,48", "Center": "24,28" },
	"sonic_roll_fast_7":  { "File": "Sonic.bmp", "Rect": "688,189,48,48", "Center": "24,28" },
	"sonic_pulley_0":  { "File": "Sonic.bmp", "Rect": "790,189,48,48", "Center": "28,28" },
	"sonic_pulley_1":  { "File": "Sonic.bmp", "Rect": "839,189,48,48", "Center": "28,28" },
	"sonic_pulley_2":  { "File": "Sonic.bmp", "Rect": "888,189,48,48", "Center": "28,28" },
	"sonic_pulley_3":  { "File": "Sonic.bmp", "Rect": "937,189,48,48", "Center": "28,28" },
	"sonic_pulley_4":  { "File": "Sonic.bmp", "Rect": "986,189,48,48", "Center": "28,28" },
	"sonic_pulley_5":  { "File": "Sonic.bmp", "Rect": "1035,189,48,48", "Center": "28,28" },
	"sonic_hang_0":  { "File": "Sonic.bmp", "Rect": "2,244,48,48", "Center": "24,30" },
	"sonic_hang_1":  { "File": "Sonic.bmp", "Rect": "51,244,48,48", "Center": "24,30" },
	"sonic_hang_2":  { "File": "Sonic.bmp", "Rect": "100,244,48,48", "Center": "24,30" },
	"sonic_hang_3":  { "File": "Sonic.bmp", "Rect": "149,244,48,48", "Center": "24,30" },
	"sonic_hang_4":  { "File": "Sonic.bmp", "Rect": "198,244,48,48", "Center": "24,30" },
	"sonic_hang_5":  { "File": "Sonic.bmp", "Rect": "247,244,48,48", "Center": "24,30" },
	"sonic_hang_6":  { "File": "Sonic.bmp", "Rect": "296,244,48,48", "Center": "24,30" },
	"sonic_hang_7":  { "File": "Sonic.bmp", "Rect": "345,244,48,48", "Center": "24,30" },
	"sonic_springd_0":  { "File": "Sonic.bmp", "Rect": "409,244,48,56", "Center": "24,28" },
	"sonic_springd_1":  { "File": "Sonic.bmp", "Rect": "458,244,48,56", "Center": "24,28" },
	"sonic_springd_2":  { "File": "Sonic.bmp", "Rect": "409,244,48,56", "Center": "24,28" },
	"sonic_springd_3":  { "File": "Sonic.bmp", "Rect": "458,244,48,56", "Center": "24,28" },
	"sonic_springcs_0":  { "File": "Sonic.bmp", "Rect": "2,307,48,48", "Center": "24,28" },
	"sonic_springcs_1":  { "File": "Sonic.bmp", "Rect": "51,307,48,48", "Center": "24,28" },
	"sonic_springcs_2":  { "File": "Sonic.bmp", "Rect": "100,307,48,48", "Center": "24,28" },
	"sonic_springcs_3":  { "File": "Sonic.bmp", "Rect": "149,307,48,48", "Center": "24,28" },
	"sonic_springcs_4":  { "File": "Sonic.bmp", "Rect": "198,307,48,48", "Center": "24,28" },
	"sonic_springcs_5":  { "File": "Sonic.bmp", "Rect": "247,307,48,48", "Center": "24,28" },
	"sonic_springcs_6":  { "File": "Sonic.bmp", "Rect": "296,307,48,48", "Center": "24,28" },
	"sonic_springcs_7":  { "File": "Sonic.bmp", "Rect": "345,307,48,48", "Center": "24,28" },
	"sonic_springcs_8":  { "File": "Sonic.bmp", "Rect": "394,307,48,48", "Center": "24,28" },
	"sonic_springcs_9":  { "File": "Sonic.bmp", "Rect": "443,307,48,48", "Center": "24,28" },
	"sonic_springcs_10":  { "File": "Sonic.bmp", "Rect": "492,307,48,48", "Center": "24,28" },
	"sonic_springcs_11":  { "File": "Sonic.bmp", "Rect": "541,307,48,48", "Center": "24,28" },
	"sonic_springcs_12":  { "File": "Sonic.bmp", "Rect": "590,307,48,48", "Center": "24,28" },
	"sonic_springcs_13":  { "File": "Sonic.bmp", "Rect": "639,307,48,48", "Center": "24,28" },
	"sonic_springcs_14":  { "File": "Sonic.bmp", "Rect": "688,307,48,48", "Center": "24,28" },
	"sonic_springcs_15":  { "File": "Sonic.bmp", "Rect": "737,307,48,48", "Center": "24,28" },
	"sonic_springcs_16":  { "File": "Sonic.bmp", "Rect": "786,307,48,48", "Center": "24,28" },
	"sonic_springcs_17":  { "File": "Sonic.bmp", "Rect": "835,307,48,48", "Center": "24,28" },
	"sonic_springcs_18":  { "File": "Sonic.bmp", "Rect": "884,307,48,48", "Center": "24,28" },
	"sonic_springcs_19":  { "File": "Sonic.bmp", "Rect": "933,307,48,48", "Center": "24,28" },
	"sonic_springcs_20":  { "File": "Sonic.bmp", "Rect": "982,307,48,48", "Center": "24,28" },
	"sonic_springcs_21":  { "File": "Sonic.bmp", "Rect": "1031,307,48,48", "Center": "24,28" },
	"sonic_springcs_22":  { "File": "Sonic.bmp", "Rect": "1080,307,48,48", "Center": "24,28" },
	"sonic_springcs_23":  { "File": "Sonic.bmp", "Rect": "1129,307,48,48", "Center": "24,28" },
	"Sonic_spindash_0":  { "File": "Sonic.bmp", "Rect": "2,366,48,48", "Center": "24,28" },
	"Sonic_spindash_1":  { "File": "Sonic.bmp", "Rect": "51,366,48,48", "Center": "24,28" },
	"Sonic_spindash_2":  { "File": "Sonic.bmp", "Rect": "100,366,48,48", "Center": "24,28" },
	"Sonic_spindash_3":  { "File": "Sonic.bmp", "Rect": "149,366,48,48", "Center": "24,28" },
	"Sonic_spindash_4":  { "File": "Sonic.bmp", "Rect": "198,366,48,48", "Center": "24,28" },
	"Sonic_spindash_5":  { "File": "Sonic.bmp", "Rect": "247,366,48,48", "Center": "24,28" },
	"Sonic_spindash_6":  { "File": "Sonic.bmp", "Rect": "296,366,48,48", "Center": "24,28" },
	"Sonic_spindash_7":  { "File": "Sonic.bmp", "Rect": "345,366,48,48", "Center": "24,28" },
	"Sonic_spindash_8":  { "File": "Sonic.bmp", "Rect": "394,366,48,48", "Center": "24,28" },
	"Sonic_spindash_9":  { "File": "Sonic.bmp", "Rect": "443,366,48,48", "Center": "24,28" },
	"Sonic_spindash_10":  { "File": "Sonic.bmp", "Rect": "492,366,48,48", "Center": "24,28" },
	"Sonic_spindash_11":  { "File": "Sonic.bmp", "Rect": "541,366,48,48", "Center": "24,28" },
	"Sonic_spindash_12":  { "File": "Sonic.bmp", "Rect": "590,366,48,48", "Center": "24,28" },
	"Sonic_spindash_13":  { "File": "Sonic.bmp", "Rect": "639,366,48,48", "Center": "24,28" },
	"Sonic_spindash_14":  { "File": "Sonic.bmp", "Rect": "688,366,48,48", "Center": "24,28" },
	"Sonic_spindash_15":  { "File": "Sonic.bmp", "Rect": "737,366,48,48", "Center": "24,28" },
	"Sonic_balance_2_0":  { "File": "Sonic.bmp", "Rect": "2,480,48,48", "Center": "30,28" },
	"Sonic_balance_2_1":  { "File": "Sonic.bmp", "Rect": "59,480,48,48", "Center": "30,28" },
	"Sonic_balance_2_2":  { "File": "Sonic.bmp", "Rect": "116,480,48,48", "Center": "30,28" },
	"Sonic_balance_2_3":  { "File": "Sonic.bmp", "Rect": "173,480,48,48", "Center": "30,28" },
	"Sonic_balance_2_4":  { "File": "Sonic.bmp", "Rect": "230,480,48,48", "Center": "30,28" },
	"Sonic_balance_2_5":  { "File": "Sonic.bmp", "Rect": "287,480,48,48", "Center": "30,28" },
	"Sonic_balance_2_6":  { "File": "Sonic.bmp", "Rect": "344,480,48,48", "Center": "30,28" },
	"Sonic_balance_2_7":  { "File": "Sonic.bmp", "Rect": "401,480,48,48", "Center": "30,28" },
	"Sonic_balance_1_0":  { "File": "Sonic.bmp", "Rect": "458,480,48,48", "Center": "34,28" },
	"Sonic_balance_1_1":  { "File": "Sonic.bmp", "Rect": "507,480,48,48", "Center": "34,28" },
	"Sonic_balance_1_2":  { "File": "Sonic.bmp", "Rect": "556,480,48,48", "Center": "34,28" },
	"Sonic_balance_1_3":  { "File": "Sonic.bmp", "Rect": "605,480,48,48", "Center": "34,28" },
	"Sonic_balance_1_4":  { "File": "Sonic.bmp", "Rect": "654,480,48,48", "Center": "34,28" },
	"Sonic_balance_1_5":  { "File": "Sonic.bmp", "Rect": "703,480,48,48", "Center": "34,28" },
	"Sonic_balance_1_6":  { "File": "Sonic.bmp", "Rect": "752,480,48,48", "Center": "34,28" },
	"Sonic_balance_1_7":  { "File": "Sonic.bmp", "Rect": "801,480,48,48", "Center": "34,28" },
	"sonic_springtwirl_0":  { "File": "Sonic.bmp", "Rect": "496,741,48,56", "Center": "24,28" },
	"sonic_springtwirl_1":  { "File": "Sonic.bmp", "Rect": "545,741,48,56", "Center": "24,28" },
	"sonic_springtwirl_2":  { "File": "Sonic.bmp", "Rect": "594,741,48,56", "Center": "24,28" },
	"sonic_springtwirl_3":  { "File": "Sonic.bmp", "Rect": "643,741,48,56", "Center": "24,28" },
	"sonic_springtwirl_4":  { "File": "Sonic.bmp", "Rect": "692,741,48,56", "Center": "24,28" },
	"sonic_springtwirl_5":  { "File": "Sonic.bmp", "Rect": "741,741,48,56", "Center": "24,28" },
	"sonic_springtwirl_6":  { "File": "Sonic.bmp", "Rect": "790,741,48,56", "Center": "24,28" },
	"sonic_springtwirl_7":  { "File": "Sonic.bmp", "Rect": "839,741,48,56", "Center": "24,28" },
	"sonic_springtwirl_8":  { "File": "Sonic.bmp", "Rect": "888,741,48,56", "Center": "24,28" },
	"sonic_springtwirl_9":  { "File": "Sonic.bmp", "Rect": "937,741,48,56", "Center": "24,28" },
	"sonic_falling_0":  { "File": "Sonic.bmp", "Rect": "682,875,48,56", "Center": "24,28" },
	"sonic_falling_1":  { "File": "Sonic.bmp", "Rect": "731,875,48,56", "Center": "24,28" },
	"sonic_falling_2":  { "File": "Sonic.bmp", "Rect": "780,875,48,56", "Center": "24,28" },
	"sonic_falling_3":  { "File": "Sonic.bmp", "Rect": "829,875,48,56", "Center": "24,28" },
	"sonic_falling_4":  { "File": "Sonic.bmp", "Rect": "878,875,48,56", "Center": "24,28" },
	"sonic_falling_5":  { "File": "Sonic.bmp", "Rect": "927,875,48,56", "Center": "24,28" },
	"sonic_falling_6":  { "File": "Sonic.bmp", "Rect": "976,875,48,56", "Center": "24,28" },
	"sonic_falling_7":  { "File": "Sonic.bmp", "Rect": "1025,875,48,56", "Center": "24,28" },
	"sonic_falling_8":  { "File": "Sonic.bmp", "Rect": "1074,875,48,56", "Center": "24,28" },
	"sonic_falling_9":  { "File": "Sonic.bmp", "Rect": "1123,875,48,56", "Center": "24,28" },
	"sonic_falling_10":  { "File": "Sonic.bmp", "Rect": "1172,875,48,56", "Center": "24,28" },
	"sonic_falling_11":  { "File": "Sonic.bmp", "Rect": "1221,875,48,56", "Center": "24,28" },
	"sonic_skid_0":  { "File": "Sonic.bmp", "Rect": "247,537,48,48", "Center": "24,28" },
	"sonic_skid_1":  { "File": "Sonic.bmp", "Rect": "296,537,48,48", "Center": "24,28" },
	"sonic_skid_2":  { "File": "Sonic.bmp", "Rect": "345,537,48,48", "Center": "24,28" },
	"sonic_skid_3":  { "File": "Sonic.bmp", "Rect": "394,537,48,48", "Center": "24,28" },
	"sonic_skidturn_0":  { "File": "Sonic.bmp", "Rect": "443,537,48,48", "Center": "24,28" },
	"sonic_skidturn_1":  { "File": "Sonic.bmp", "Rect": "492,537,48,48", "Center": "24,28" },
	"sonic_skidturn_2":  { "File": "Sonic.bmp", "Rect": "541,537,48,48", "Center": "24,28" },
	"ssonic_Cool_0":  { "File": "Sonic.bmp", "Rect": "10,940,48,48", "Center": "24,28" },
	"ssonic_Cool_1":  { "File": "Sonic.bmp", "Rect": "59,940,48,48", "Center": "24,28" },
	"ssonic_Cool_2":  { "File": "Sonic.bmp", "Rect": "108,940,48,48", "Center": "24,28" },
	"ssonic_Cool_3":  { "File": "Sonic.bmp", "Rect": "157,940,48,48", "Center": "24,28" },
	"sonic_jog2_0":  { "File": "Sonic.bmp", "Rect": "900,940,48,48", "Center": "24,28" },
	"sonic_jog2_1":  { "File": "Sonic.bmp", "Rect": "949,940,48,48", "Center": "24,28" },
	"sonic_jog2_2":  { "File": "Sonic.bmp", "Rect": "998,940,48,48", "Center": "24,28" },
	"sonic_jog2_3":  { "File": "Sonic.bmp", "Rect": "1047,940,48,48", "Center": "24,28" },
	"sonic_jog2_4":  { "File": "Sonic.bmp", "Rect": "1096,940,48,48", "Center": "24,28" },
	"sonic_jog2_5":  { "File": "Sonic.bmp", "Rect": "1145,940,48,48", "Center": "24,28" },
	"sonic_jog2_6":  { "File": "Sonic.bmp", "Rect": "1194,940,48,48", "Center": "24,28" },
	"sonic_jog2_7":  { "File": "Sonic.bmp", "Rect": "1243,940,48,48", "Center": "24,28" },
	"sonic_jog2_8":  { "File": "Sonic.bmp", "Rect": "1292,940,48,48", "Center": "24,28" },
	"sonic_jog2_9":  { "File": "Sonic.bmp", "Rect": "1341,940,48,48", "Center": "24,28" },
	"sonic_jog2_10":  { "File": "Sonic.bmp", "Rect": "1390,940,48,48", "Center": "24,28" },
	"sonic_jog2_11":  { "File": "Sonic.bmp", "Rect": "1439,940,48,48", "Center": "24,28" },
	"sonic_jog2_12":  { "File": "Sonic.bmp", "Rect": "1488,940,48,48", "Center": "24,28" },
	"sonic_hang_move_0":  { "File": "Sonic.bmp", "Rect": "824,592,48,56", "Center": "24,28" },
	"sonic_hang_move_1":  { "File": "Sonic.bmp", "Rect": "873,592,48,56", "Center": "24,28" },
	"sonic_hang_move_2":  { "File": "Sonic.bmp", "Rect": "922,592,48,56", "Center": "24,28" },
	"sonic_hang_move_3":  { "File": "Sonic.bmp", "Rect": "971,592,48,56", "Center": "24,28" },
	"sonic_hang_move_4":  { "File": "Sonic.bmp", "Rect": "1020,592,48,56", "Center": "24,28" },
	"sonic_hang_move_5":  { "File": "Sonic.bmp", "Rect": "1069,592,48,56", "Center": "24,28" },
	"sonic_hang_move_6":  { "File": "Sonic.bmp", "Rect": "1118,592,48,56", "Center": "24,28" },
	"sonic_hang_move_7":  { "File": "Sonic.bmp", "Rect": "1167,592,48,56", "Center": "24,28" },
	"sonic_hang_move_8":  { "File": "Sonic.bmp", "Rect": "1216,592,48,56", "Center": "24,28" },
	"sonic_hang_move_9":  { "File": "Sonic.bmp", "Rect": "1265,592,48,56", "Center": "24,28" },
	"sonic_hang_move_10":  { "File": "Sonic.bmp", "Rect": "1314,592,48,56", "Center": "24,28" },
	"sonic_hang_move_11":  { "File": "Sonic.bmp", "Rect": "1363,592,48,56", "Center": "24,28" },
	"Sonic_twister_0":  { "File": "Sonic.bmp", "Rect": "2,426,48,48", "Center": "24,28" },
	"Sonic_twister_1":  { "File": "Sonic.bmp", "Rect": "51,426,48,48", "Center": "24,28" },
	"Sonic_twister_2":  { "File": "Sonic.bmp", "Rect": "100,426,48,48", "Center": "24,28" },
	"Sonic_twister_3":  { "File": "Sonic.bmp", "Rect": "149,426,48,48", "Center": "24,28" },
	"Sonic_twister_4":  { "File": "Sonic.bmp", "Rect": "198,426,48,48", "Center": "24,28" },
	"Sonic_twister_5":  { "File": "Sonic.bmp", "Rect": "247,426,48,48", "Center": "24,28" },
	"Sonic_twister_6":  { "File": "Sonic.bmp", "Rect": "296,426,48,48", "Center": "24,28" },
	"Sonic_twister_7":  { "File": "Sonic.bmp", "Rect": "345,426,48,48", "Center": "24,28" },
	"Sonic_twister_8":  { "File": "Sonic.bmp", "Rect": "394,426,48,48", "Center": "24,28" },
	"Sonic_twister_9":  { "File": "Sonic.bmp", "Rect": "443,426,48,48", "Center": "24,28" },
	"Sonic_twister_10":  { "File": "Sonic.bmp", "Rect": "492,426,48,48", "Center": "24,28" },
	"Sonic_twister_11":  { "File": "Sonic.bmp", "Rect": "541,426,48,48", "Center": "24,28" },
	"Sonic_twister_12":  { "File": "Sonic.bmp", "Rect": "590,426,48,48", "Center": "24,28" },
	"Sonic_twister_13":  { "File": "Sonic.bmp", "Rect": "639,426,48,48", "Center": "24,28" },
	"Sonic_twister_14":  { "File": "Sonic.bmp", "Rect": "688,426,48,48", "Center": "24,28" },
	"Sonic_twister_15":  { "File": "Sonic.bmp", "Rect": "737,426,48,48", "Center": "24,28" },
	"Sonic_twister_16":  { "File": "Sonic.bmp", "Rect": "786,426,48,48", "Center": "24,28" },
	"Sonic_twister_17":  { "File": "Sonic.bmp", "Rect": "835,426,48,48", "Center": "24,28" },
	"Sonic_twister_18":  { "File": "Sonic.bmp", "Rect": "884,426,48,48", "Center": "24,28" },
	"Sonic_twister_19":  { "File": "Sonic.bmp", "Rect": "933,426,48,48", "Center": "24,28" },
	"Sonic_twister_20":  { "File": "Sonic.bmp", "Rect": "982,426,48,48", "Center": "24,28" },
	"Sonic_twister_21":  { "File": "Sonic.bmp", "Rect": "1031,426,48,48", "Center": "24,28" },
	"Sonic_twister_22":  { "File": "Sonic.bmp", "Rect": "1080,426,48,48", "Center": "24,28" },
	"Sonic_twister_23":  { "File": "Sonic.bmp", "Rect": "1129,426,48,48", "Center": "24,28" }
}