{
	"sonic_peeloutM_0":  { "File": "character_sonic_peelout.bmp", "Rect": "0,49,48,48", "Center": "24,27" },
	"sonic_peeloutM_1":  { "File": "character_sonic_peelout.bmp", "Rect": "49,49,48,48", "Center": "24,27" },
	"sonic_peeloutM_2":  { "File": "character_sonic_peelout.bmp", "Rect": "98,49,48,48", "Center": "24,27" },
	"sonic_peeloutM_3":  { "File": "character_sonic_peelout.bmp", "Rect": "147,49,48,48", "Center": "24,27" },
	"sonic_peeloutCD_0":  { "File": "character_sonic_peelout.bmp", "Rect": "0,0,48,48", "Center": "24,28" },
	"sonic_peeloutCD_1":  { "File": "character_sonic_peelout.bmp", "Rect": "49,0,48,48", "Center": "24,28" },
	"sonic_peeloutCD_2":  { "File": "character_sonic_peelout.bmp", "Rect": "98,0,48,48", "Center": "24,28" },
	"sonic_peeloutCD_3":  { "File": "character_sonic_peelout.bmp", "Rect": "147,0,48,48", "Center": "24,28" },
	"sonic_peeloutSS_0":  { "File": "character_sonic_peelout.bmp", "Rect": "0,147,48,48", "Center": "24,27" },
	"sonic_peeloutSS_1":  { "File": "character_sonic_peelout.bmp", "Rect": "49,147,48,48", "Center": "24,27" },
	"sonic_peeloutSS_2":  { "File": "character_sonic_peelout.bmp", "Rect": "98,147,48,48", "Center": "24,27" },
	"sonic_peeloutSS_3":  { "File": "character_sonic_peelout.bmp", "Rect": "147,147,48,48", "Center": "24,27" },
	"sonic_peelouts2b_0":  { "File": "character_sonic_peelout.bmp", "Rect": "0,196,48,48", "Center": "24,28" },
	"sonic_peelouts2b_1":  { "File": "character_sonic_peelout.bmp", "Rect": "49,196,48,48", "Center": "24,28" },
	"sonic_peelouts2b_2":  { "File": "character_sonic_peelout.bmp", "Rect": "98,196,48,48", "Center": "24,28" },
	"sonic_peelouts2b_3":  { "File": "character_sonic_peelout.bmp", "Rect": "147,196,48,48", "Center": "23,28" },
	"sonic_peelouts2b_4":  { "File": "character_sonic_peelout.bmp", "Rect": "196,196,48,48", "Center": "23,28" },
	"sonic_peelouts2b_5":  { "File": "character_sonic_peelout.bmp", "Rect": "245,196,48,48", "Center": "24,28" },
	"sonic_peelouts2b_6":  { "File": "character_sonic_peelout.bmp", "Rect": "294,196,48,48", "Center": "24,28" },
	"sonic_peelouts2b_7":  { "File": "character_sonic_peelout.bmp", "Rect": "343,196,47,48", "Center": "24,28" },
	"sonic_peeloutsJ_0":  { "File": "character_sonic_peelout.bmp", "Rect": "195,147,48,48", "Center": "24,28" },
	"sonic_peeloutsJ_1":  { "File": "character_sonic_peelout.bmp", "Rect": "244,147,48,48", "Center": "24,28" },
	"sonic_peeloutsJ_2":  { "File": "character_sonic_peelout.bmp", "Rect": "293,147,48,48", "Center": "24,28" },
	"sonic_peeloutsJ_3":  { "File": "character_sonic_peelout.bmp", "Rect": "342,147,48,48", "Center": "24,28" },
	"sonic_peeloutCDalt_0":  { "File": "character_sonic_peelout.bmp", "Rect": "0,98,48,48", "Center": "24,28" },
	"sonic_peeloutCDalt_1":  { "File": "character_sonic_peelout.bmp", "Rect": "49,98,48,48", "Center": "24,28" },
	"sonic_peeloutCDalt_2":  { "File": "character_sonic_peelout.bmp", "Rect": "98,98,48,48", "Center": "24,28" },
	"sonic_peeloutCDalt_3":  { "File": "character_sonic_peelout.bmp", "Rect": "147,98,48,48", "Center": "24,28" },
	"sonic_swimwalk_0":  { "File": "Sonic.bmp", "Rect": "1,992,48,48", "Center": "24,28" },
	"sonic_swimwalk_1":  { "File": "Sonic.bmp", "Rect": "50,992,48,48", "Center": "24,28" },
	"sonic_swimwalk_2":  { "File": "Sonic.bmp", "Rect": "99,992,48,48", "Center": "24,28" },
	"sonic_swimwalk_3":  { "File": "Sonic.bmp", "Rect": "148,992,48,48", "Center": "24,28" },
	"sonic_swimwalk_4":  { "File": "Sonic.bmp", "Rect": "197,992,48,48", "Center": "24,28" },
	"sonic_swimwalk_5":  { "File": "Sonic.bmp", "Rect": "246,992,48,48", "Center": "24,28" },
	"sonic_swimwalk_6":  { "File": "Sonic.bmp", "Rect": "295,992,48,48", "Center": "24,28" },
	"sonic_swimwalk_7":  { "File": "Sonic.bmp", "Rect": "344,992,48,48", "Center": "24,28" },
	"sonic_swimwalk_8":  { "File": "Sonic.bmp", "Rect": "393,992,48,48", "Center": "24,28" },
	"sonic_swimwalk_9":  { "File": "Sonic.bmp", "Rect": "442,992,48,48", "Center": "24,28" },
	"sonic_swimwalk_10":  { "File": "Sonic.bmp", "Rect": "491,992,48,48", "Center": "24,28" },
	"sonic_swimwalk_11":  { "File": "Sonic.bmp", "Rect": "540,992,48,48", "Center": "24,28" }
}