{
	"supersonic_stand_0":  { "File": "SuperSonic.bmp", "Rect": "1197,8,29,46", "Center": "15,26" },
	"supersonic_stand_1":  { "File": "SuperSonic.bmp", "Rect": "1227,8,29,46", "Center": "15,26" },
	"supersonic_stand_2":  { "File": "SuperSonic.bmp", "Rect": "1257,8,29,46", "Center": "15,26" },
	"supersonic_stand_3":  { "File": "SuperSonic.bmp", "Rect": "1287,8,29,46", "Center": "15,26" },
	"supersonic_stand_4":  { "File": "SuperSonic.bmp", "Rect": "1317,8,29,46", "Center": "15,26" },
	"supersonic_stand_5":  { "File": "SuperSonic.bmp", "Rect": "1287,8,29,46", "Center": "15,26" },
	"supersonic_stand_6":  { "File": "SuperSonic.bmp", "Rect": "1317,8,29,46", "Center": "15,26" },
	"supersonic_stand_7":  { "File": "SuperSonic.bmp", "Rect": "1287,8,29,46", "Center": "15,26" },
	"supersonic_stand_8":  { "File": "SuperSonic.bmp", "Rect": "1317,8,29,46", "Center": "15,26" },
	"supersonic_stand_9":  { "File": "SuperSonic.bmp", "Rect": "1287,8,29,46", "Center": "15,26" },
	"supersonic_stand_10":  { "File": "SuperSonic.bmp", "Rect": "1257,8,29,46", "Center": "15,26" },
	"supersonic_stand_11":  { "File": "SuperSonic.bmp", "Rect": "1227,8,29,46", "Center": "15,26" },
	"supersonic_stand_12":  { "File": "SuperSonic.bmp", "Rect": "1197,8,29,46", "Center": "15,26" },
	"supersonic_stand_13":  { "File": "SuperSonic.bmp", "Rect": "1348,8,29,46", "Center": "15,26" },
	"supersonic_stand_14":  { "File": "SuperSonic.bmp", "Rect": "1378,8,29,46", "Center": "15,26" },
	"supersonic_stand_15":  { "File": "SuperSonic.bmp", "Rect": "1408,8,29,46", "Center": "15,26" },
	"supersonic_stand_16":  { "File": "SuperSonic.bmp", "Rect": "1438,8,29,46", "Center": "15,26" },
	"supersonic_stand_17":  { "File": "SuperSonic.bmp", "Rect": "1348,8,29,46", "Center": "15,26" },
	"supersonic_stand_18":  { "File": "SuperSonic.bmp", "Rect": "1378,8,29,46", "Center": "15,26" },
	"supersonic_stand_19":  { "File": "SuperSonic.bmp", "Rect": "1408,8,29,46", "Center": "15,26" },
	"supersonic_stand_20":  { "File": "SuperSonic.bmp", "Rect": "1438,8,29,46", "Center": "15,26" },
	"supersonic_crouch_0":  { "File": "SuperSonic.bmp", "Rect": "314,805,48,48", "Center": "24,28" },
	"supersonic_crouch_1":  { "File": "SuperSonic.bmp", "Rect": "363,805,48,48", "Center": "24,28" },
	"supersonic_crouch_2":  { "File": "SuperSonic.bmp", "Rect": "412,805,48,48", "Center": "24,28" },
	"supersonic_walk_0":  { "File": "SuperSonic.bmp", "Rect": "2,8,48,48", "Center": "24,28" },
	"supersonic_walk_1":  { "File": "SuperSonic.bmp", "Rect": "51,8,48,48", "Center": "24,28" },
	"supersonic_walk_2":  { "File": "SuperSonic.bmp", "Rect": "100,8,48,48", "Center": "24,28" },
	"supersonic_walk_3":  { "File": "SuperSonic.bmp", "Rect": "149,8,48,48", "Center": "24,28" },
	"supersonic_walk_4":  { "File": "SuperSonic.bmp", "Rect": "198,8,48,48", "Center": "24,28" },
	"supersonic_walk_5":  { "File": "SuperSonic.bmp", "Rect": "247,8,48,48", "Center": "24,28" },
	"supersonic_walk_6":  { "File": "SuperSonic.bmp", "Rect": "296,8,48,48", "Center": "24,28" },
	"supersonic_walk_7":  { "File": "SuperSonic.bmp", "Rect": "345,8,48,48", "Center": "24,28" },
	"supersonic_walk_8":  { "File": "SuperSonic.bmp", "Rect": "394,8,48,48", "Center": "24,28" },
	"supersonic_walk_9":  { "File": "SuperSonic.bmp", "Rect": "443,8,48,48", "Center": "24,28" },
	"supersonic_walk_10":  { "File": "SuperSonic.bmp", "Rect": "492,8,48,48", "Center": "24,28" },
	"supersonic_walk_11":  { "File": "SuperSonic.bmp", "Rect": "541,8,48,48", "Center": "24,28" },
	"supersonic_airwalk_0":  { "File": "SuperSonic.bmp", "Rect": "601,8,48,56", "Center": "24,28" },
	"supersonic_airwalk_1":  { "File": "SuperSonic.bmp", "Rect": "650,8,48,56", "Center": "24,28" },
	"supersonic_airwalk_2":  { "File": "SuperSonic.bmp", "Rect": "699,8,48,56", "Center": "24,28" },
	"supersonic_airwalk_3":  { "File": "SuperSonic.bmp", "Rect": "748,8,48,56", "Center": "24,28" },
	"supersonic_airwalk_4":  { "File": "SuperSonic.bmp", "Rect": "797,8,48,56", "Center": "24,28" },
	"supersonic_airwalk_5":  { "File": "SuperSonic.bmp", "Rect": "846,8,48,56", "Center": "24,28" },
	"supersonic_airwalk_6":  { "File": "SuperSonic.bmp", "Rect": "895,8,48,56", "Center": "24,28" },
	"supersonic_airwalk_7":  { "File": "SuperSonic.bmp", "Rect": "944,8,48,56", "Center": "24,28" },
	"supersonic_airwalk_8":  { "File": "SuperSonic.bmp", "Rect": "993,8,48,56", "Center": "24,28" },
	"supersonic_airwalk_9":  { "File": "SuperSonic.bmp", "Rect": "1042,8,48,56", "Center": "24,28" },
	"supersonic_airwalk_10":  { "File": "SuperSonic.bmp", "Rect": "1091,8,48,56", "Center": "24,28" },
	"supersonic_airwalk_11":  { "File": "SuperSonic.bmp", "Rect": "1140,8,48,56", "Center": "24,28" },
	"supersonic_jog_0":  { "File": "SuperSonic.bmp", "Rect": "2,74,48,48", "Center": "24,28" },
	"supersonic_jog_1":  { "File": "SuperSonic.bmp", "Rect": "51,74,48,48", "Center": "24,28" },
	"supersonic_jog_2":  { "File": "SuperSonic.bmp", "Rect": "100,74,48,48", "Center": "24,28" },
	"supersonic_jog_3":  { "File": "SuperSonic.bmp", "Rect": "149,74,48,48", "Center": "24,28" },
	"supersonic_jog_4":  { "File": "SuperSonic.bmp", "Rect": "198,74,48,48", "Center": "24,28" },
	"supersonic_jog_5":  { "File": "SuperSonic.bmp", "Rect": "247,74,48,48", "Center": "24,28" },
	"supersonic_jog_6":  { "File": "SuperSonic.bmp", "Rect": "296,74,48,48", "Center": "24,28" },
	"supersonic_jog_7":  { "File": "SuperSonic.bmp", "Rect": "345,74,48,48", "Center": "24,28" },
	"supersonic_jog_8":  { "File": "SuperSonic.bmp", "Rect": "394,74,48,48", "Center": "24,28" },
	"supersonic_jog_9":  { "File": "SuperSonic.bmp", "Rect": "443,74,48,48", "Center": "24,28" },
	"supersonic_run_0":  { "File": "SuperSonic.bmp", "Rect": "498,74,48,48", "Center": "24,28" },
	"supersonic_run_1":  { "File": "SuperSonic.bmp", "Rect": "547,74,48,48", "Center": "24,28" },
	"supersonic_run_2":  { "File": "SuperSonic.bmp", "Rect": "596,74,48,48", "Center": "24,28" },
	"supersonic_run_3":  { "File": "SuperSonic.bmp", "Rect": "645,74,48,48", "Center": "24,28" },
	"supersonic_run_4":  { "File": "SuperSonic.bmp", "Rect": "498,74,48,48", "Center": "24,28" },
	"supersonic_run_5":  { "File": "SuperSonic.bmp", "Rect": "547,74,48,48", "Center": "24,28" },
	"supersonic_run_6":  { "File": "SuperSonic.bmp", "Rect": "596,74,48,48", "Center": "24,28" },
	"supersonic_run_7":  { "File": "SuperSonic.bmp", "Rect": "645,74,48,48", "Center": "24,28" },
	"supersonic_pre_0":  { "File": "SuperSonic.bmp", "Rect": "703,74,48,48", "Center": "24,28" },
	"supersonic_pre_1":  { "File": "SuperSonic.bmp", "Rect": "752,74,48,48", "Center": "24,28" },
	"supersonic_pre_2":  { "File": "SuperSonic.bmp", "Rect": "801,74,48,48", "Center": "24,28" },
	"supersonic_pre_3":  { "File": "SuperSonic.bmp", "Rect": "850,74,48,48", "Center": "24,28" },
	"supersonic_peelout_0":  { "File": "SuperSonic.bmp", "Rect": "703,74,48,48", "Center": "24,28" },
	"supersonic_peelout_1":  { "File": "SuperSonic.bmp", "Rect": "752,74,48,48", "Center": "24,28" },
	"supersonic_peelout_2":  { "File": "SuperSonic.bmp", "Rect": "801,74,48,48", "Center": "24,28" },
	"supersonic_peelout_3":  { "File": "SuperSonic.bmp", "Rect": "850,74,48,48", "Center": "24,28" },
	"supersonic_push_0":  { "File": "SuperSonic.bmp", "Rect": "213,132,48,48", "Center": "24,28" },
	"supersonic_push_1":  { "File": "SuperSonic.bmp", "Rect": "262,132,48,48", "Center": "24,28" },
	"supersonic_push_2":  { "File": "SuperSonic.bmp", "Rect": "311,132,48,48", "Center": "24,28" },
	"supersonic_push_3":  { "File": "SuperSonic.bmp", "Rect": "360,132,48,48", "Center": "24,28" },
	"supersonic_push_4":  { "File": "SuperSonic.bmp", "Rect": "409,132,48,48", "Center": "24,28" },
	"supersonic_push_5":  { "File": "SuperSonic.bmp", "Rect": "458,132,48,48", "Center": "24,28" },
	"supersonic_push_6":  { "File": "SuperSonic.bmp", "Rect": "507,132,48,48", "Center": "24,28" },
	"supersonic_push_7":  { "File": "SuperSonic.bmp", "Rect": "556,132,48,48", "Center": "24,28" },
	"supersonic_push_8":  { "File": "SuperSonic.bmp", "Rect": "605,132,48,48", "Center": "24,27" },
	"supersonic_push_9":  { "File": "SuperSonic.bmp", "Rect": "654,132,48,48", "Center": "24,28" },
	"supersonic_fan_0":  { "File": "SuperSonic.bmp", "Rect": "709,132,64,48", "Center": "32,28" },
	"supersonic_fan_1":  { "File": "SuperSonic.bmp", "Rect": "774,132,64,48", "Center": "32,28" },
	"supersonic_fan_2":  { "File": "SuperSonic.bmp", "Rect": "839,132,64,48", "Center": "32,28" },
	"supersonic_fan_3":  { "File": "SuperSonic.bmp", "Rect": "904,132,64,48", "Center": "32,28" },
	"supersonic_fan_4":  { "File": "SuperSonic.bmp", "Rect": "969,132,64,48", "Center": "32,28" },
	"supersonic_fan_5":  { "File": "SuperSonic.bmp", "Rect": "1034,132,64,48", "Center": "32,28" },
	"supersonic_fan_6":  { "File": "SuperSonic.bmp", "Rect": "1099,132,64,48", "Center": "32,28" },
	"supersonic_fan_7":  { "File": "SuperSonic.bmp", "Rect": "1164,132,64,48", "Center": "32,28" },
	"supersonic_fan_8":  { "File": "SuperSonic.bmp", "Rect": "1229,132,64,48", "Center": "32,28" },
	"supersonic_fan_9":  { "File": "SuperSonic.bmp", "Rect": "1294,132,64,48", "Center": "32,28" },
	"supersonic_roll_0":  { "File": "SuperSonic.bmp", "Rect": "2,189,48,48", "Center": "24,28" },
	"supersonic_roll_1":  { "File": "SuperSonic.bmp", "Rect": "51,189,48,48", "Center": "24,28" },
	"supersonic_roll_2":  { "File": "SuperSonic.bmp", "Rect": "100,189,48,48", "Center": "24,28" },
	"supersonic_roll_3":  { "File": "SuperSonic.bmp", "Rect": "149,189,48,48", "Center": "24,28" },
	"supersonic_roll_4":  { "File": "SuperSonic.bmp", "Rect": "198,189,48,48", "Center": "24,28" },
	"supersonic_roll_5":  { "File": "SuperSonic.bmp", "Rect": "247,189,48,48", "Center": "24,28" },
	"supersonic_roll_6":  { "File": "SuperSonic.bmp", "Rect": "296,189,48,48", "Center": "24,28" },
	"supersonic_roll_7":  { "File": "SuperSonic.bmp", "Rect": "345,189,48,48", "Center": "24,28" },
	"supersonic_roll_8":  { "File": "SuperSonic.bmp", "Rect": "394,189,48,48", "Center": "24,28" },
	"supersonic_roll_9":  { "File": "SuperSonic.bmp", "Rect": "443,189,48,48", "Center": "24,28" },
	"supersonic_roll_10":  { "File": "SuperSonic.bmp", "Rect": "492,189,48,48", "Center": "24,28" },
	"supersonic_roll_11":  { "File": "SuperSonic.bmp", "Rect": "541,189,48,48", "Center": "24,28" },
	"supersonic_roll_12":  { "File": "SuperSonic.bmp", "Rect": "590,189,48,48", "Center": "24,28" },
	"supersonic_roll_13":  { "File": "SuperSonic.bmp", "Rect": "639,189,48,48", "Center": "24,28" },
	"supersonic_roll_14":  { "File": "SuperSonic.bmp", "Rect": "688,189,48,48", "Center": "24,28" },
	"supersonic_roll_15":  { "File": "SuperSonic.bmp", "Rect": "737,189,48,48", "Center": "24,28" },
	"ssonic_roll_fast_0":  { "File": "Supersonic.bmp", "Rect": "2,189,48,48", "Center": "24,28" },
	"ssonic_roll_fast_1":  { "File": "Supersonic.bmp", "Rect": "51,189,48,48", "Center": "24,28" },
	"ssonic_roll_fast_2":  { "File": "Supersonic.bmp", "Rect": "100,189,48,48", "Center": "24,28" },
	"ssonic_roll_fast_3":  { "File": "Supersonic.bmp", "Rect": "149,189,48,48", "Center": "24,28" },
	"ssonic_roll_fast_4":  { "File": "Supersonic.bmp", "Rect": "2,189,48,48", "Center": "24,28" },
	"ssonic_roll_fast_5":  { "File": "Supersonic.bmp", "Rect": "51,189,48,48", "Center": "24,28" },
	"ssonic_roll_fast_6":  { "File": "Supersonic.bmp", "Rect": "492,189,48,48", "Center": "24,28" },
	"ssonic_roll_fast_7":  { "File": "Supersonic.bmp", "Rect": "688,189,48,48", "Center": "24,28" },
	"supersonic_pulley_0":  { "File": "SuperSonic.bmp", "Rect": "790,189,48,48", "Center": "28,28" },
	"supersonic_pulley_1":  { "File": "SuperSonic.bmp", "Rect": "839,189,48,48", "Center": "28,28" },
	"supersonic_pulley_2":  { "File": "SuperSonic.bmp", "Rect": "888,189,48,48", "Center": "28,28" },
	"supersonic_pulley_3":  { "File": "SuperSonic.bmp", "Rect": "937,189,48,48", "Center": "28,28" },
	"supersonic_pulley_4":  { "File": "SuperSonic.bmp", "Rect": "986,189,48,48", "Center": "28,28" },
	"supersonic_pulley_5":  { "File": "SuperSonic.bmp", "Rect": "1035,189,48,48", "Center": "28,28" },
	"supersonic_hang_0":  { "File": "SuperSonic.bmp", "Rect": "2,244,48,48", "Center": "24,30" },
	"supersonic_hang_1":  { "File": "SuperSonic.bmp", "Rect": "51,244,48,48", "Center": "24,30" },
	"supersonic_hang_2":  { "File": "SuperSonic.bmp", "Rect": "100,244,48,48", "Center": "24,30" },
	"supersonic_hang_3":  { "File": "SuperSonic.bmp", "Rect": "149,244,48,48", "Center": "24,30" },
	"supersonic_hang_4":  { "File": "SuperSonic.bmp", "Rect": "198,244,48,48", "Center": "24,30" },
	"supersonic_hang_5":  { "File": "SuperSonic.bmp", "Rect": "247,244,48,48", "Center": "24,30" },
	"supersonic_hang_6":  { "File": "SuperSonic.bmp", "Rect": "296,244,48,48", "Center": "24,30" },
	"supersonic_hang_7":  { "File": "SuperSonic.bmp", "Rect": "345,244,48,48", "Center": "24,30" },
	"supersonic_springd_0":  { "File": "SuperSonic.bmp", "Rect": "409,244,48,56", "Center": "24,28" },
	"supersonic_springd_1":  { "File": "SuperSonic.bmp", "Rect": "458,244,48,56", "Center": "24,28" },
	"supersonic_springd_2":  { "File": "SuperSonic.bmp", "Rect": "409,244,48,56", "Center": "24,28" },
	"supersonic_springd_3":  { "File": "SuperSonic.bmp", "Rect": "458,244,48,56", "Center": "24,28" },
	"supersonic_springcs_0":  { "File": "SuperSonic.bmp", "Rect": "2,304,48,48", "Center": "24,28" },
	"supersonic_springcs_1":  { "File": "SuperSonic.bmp", "Rect": "51,304,48,48", "Center": "24,28" },
	"supersonic_springcs_2":  { "File": "SuperSonic.bmp", "Rect": "100,304,48,48", "Center": "24,28" },
	"supersonic_springcs_3":  { "File": "SuperSonic.bmp", "Rect": "149,304,48,48", "Center": "24,28" },
	"supersonic_springcs_4":  { "File": "SuperSonic.bmp", "Rect": "198,304,48,48", "Center": "24,28" },
	"supersonic_springcs_5":  { "File": "SuperSonic.bmp", "Rect": "247,304,48,48", "Center": "24,28" },
	"supersonic_springcs_6":  { "File": "SuperSonic.bmp", "Rect": "296,304,48,48", "Center": "24,28" },
	"supersonic_springcs_7":  { "File": "SuperSonic.bmp", "Rect": "345,304,48,48", "Center": "24,28" },
	"supersonic_springcs_8":  { "File": "SuperSonic.bmp", "Rect": "394,304,48,48", "Center": "24,28" },
	"supersonic_springcs_9":  { "File": "SuperSonic.bmp", "Rect": "443,304,48,48", "Center": "24,28" },
	"supersonic_springcs_10":  { "File": "SuperSonic.bmp", "Rect": "492,304,48,48", "Center": "24,28" },
	"supersonic_springcs_11":  { "File": "SuperSonic.bmp", "Rect": "541,304,48,48", "Center": "24,28" },
	"supersonic_springcs_12":  { "File": "SuperSonic.bmp", "Rect": "590,304,48,48", "Center": "24,28" },
	"supersonic_springcs_13":  { "File": "SuperSonic.bmp", "Rect": "639,304,48,48", "Center": "24,28" },
	"supersonic_springcs_14":  { "File": "SuperSonic.bmp", "Rect": "688,304,48,48", "Center": "24,28" },
	"supersonic_springcs_15":  { "File": "SuperSonic.bmp", "Rect": "737,304,48,48", "Center": "24,28" },
	"supersonic_springcs_16":  { "File": "SuperSonic.bmp", "Rect": "786,304,48,48", "Center": "24,28" },
	"supersonic_springcs_17":  { "File": "SuperSonic.bmp", "Rect": "835,304,48,48", "Center": "24,28" },
	"supersonic_springcs_18":  { "File": "SuperSonic.bmp", "Rect": "884,304,48,48", "Center": "24,28" },
	"supersonic_springcs_19":  { "File": "SuperSonic.bmp", "Rect": "933,304,48,48", "Center": "24,28" },
	"supersonic_springcs_20":  { "File": "SuperSonic.bmp", "Rect": "982,304,48,48", "Center": "24,28" },
	"supersonic_springcs_21":  { "File": "SuperSonic.bmp", "Rect": "1031,304,48,48", "Center": "24,28" },
	"supersonic_springcs_22":  { "File": "SuperSonic.bmp", "Rect": "1080,304,48,48", "Center": "24,28" },
	"supersonic_springcs_23":  { "File": "SuperSonic.bmp", "Rect": "1129,304,48,48", "Center": "24,28" },
	"superSonic_spindash_0":  { "File": "superSonic.bmp", "Rect": "2,366,48,48", "Center": "24,28" },
	"superSonic_spindash_1":  { "File": "superSonic.bmp", "Rect": "51,366,48,48", "Center": "24,28" },
	"superSonic_spindash_2":  { "File": "superSonic.bmp", "Rect": "100,366,48,48", "Center": "24,28" },
	"superSonic_spindash_3":  { "File": "superSonic.bmp", "Rect": "149,366,48,48", "Center": "24,28" },
	"superSonic_spindash_4":  { "File": "superSonic.bmp", "Rect": "198,366,48,48", "Center": "24,28" },
	"superSonic_spindash_5":  { "File": "superSonic.bmp", "Rect": "247,366,48,48", "Center": "24,28" },
	"superSonic_spindash_6":  { "File": "superSonic.bmp", "Rect": "296,366,48,48", "Center": "24,28" },
	"superSonic_spindash_7":  { "File": "superSonic.bmp", "Rect": "345,366,48,48", "Center": "24,28" },
	"superSonic_spindash_8":  { "File": "superSonic.bmp", "Rect": "394,366,48,48", "Center": "24,28" },
	"superSonic_spindash_9":  { "File": "superSonic.bmp", "Rect": "443,366,48,48", "Center": "24,28" },
	"superSonic_spindash_10":  { "File": "superSonic.bmp", "Rect": "492,366,48,48", "Center": "24,28" },
	"superSonic_spindash_11":  { "File": "superSonic.bmp", "Rect": "541,366,48,48", "Center": "24,28" },
	"superSonic_spindash_12":  { "File": "superSonic.bmp", "Rect": "590,366,48,48", "Center": "24,28" },
	"superSonic_spindash_13":  { "File": "superSonic.bmp", "Rect": "639,366,48,48", "Center": "24,28" },
	"superSonic_spindash_14":  { "File": "superSonic.bmp", "Rect": "688,366,48,48", "Center": "24,28" },
	"superSonic_spindash_15":  { "File": "superSonic.bmp", "Rect": "737,366,48,48", "Center": "24,28" },
	"superSonic_balance_1_0":  { "File": "SuperSonic.bmp", "Rect": "2,485,48,48", "Center": "30,28" },
	"superSonic_balance_1_1":  { "File": "SuperSonic.bmp", "Rect": "51,485,48,48", "Center": "30,28" },
	"superSonic_balance_1_2":  { "File": "SuperSonic.bmp", "Rect": "100,485,48,48", "Center": "30,28" },
	"superSonic_balance_1_3":  { "File": "SuperSonic.bmp", "Rect": "149,485,48,48", "Center": "30,28" },
	"superSonic_balance_1_4":  { "File": "SuperSonic.bmp", "Rect": "198,485,48,48", "Center": "30,28" },
	"superSonic_balance_1_5":  { "File": "SuperSonic.bmp", "Rect": "247,485,48,48", "Center": "30,28" },
	"superSonic_balance_1_6":  { "File": "SuperSonic.bmp", "Rect": "296,485,48,48", "Center": "30,28" },
	"superSonic_balance_1_7":  { "File": "SuperSonic.bmp", "Rect": "345,485,43,48", "Center": "30,28" },
	"superSonic_balance_2_0":  { "File": "SuperSonic.bmp", "Rect": "399,477,48,56", "Center": "30,28" },
	"superSonic_balance_2_1":  { "File": "SuperSonic.bmp", "Rect": "448,477,48,56", "Center": "30,28" },
	"superSonic_balance_2_2":  { "File": "SuperSonic.bmp", "Rect": "497,477,48,56", "Center": "30,28" },
	"superSonic_balance_2_3":  { "File": "SuperSonic.bmp", "Rect": "546,477,48,56", "Center": "30,28" },
	"superSonic_balance_2_4":  { "File": "SuperSonic.bmp", "Rect": "595,477,48,56", "Center": "31,28" },
	"superSonic_balance_2_5":  { "File": "SuperSonic.bmp", "Rect": "644,477,48,56", "Center": "30,28" },
	"superSonic_balance_2_6":  { "File": "SuperSonic.bmp", "Rect": "693,477,48,56", "Center": "30,28" },
	"superSonic_balance_2_7":  { "File": "SuperSonic.bmp", "Rect": "742,477,43,56", "Center": "30,28" },
	"supersonic_springtwirl_0":  { "File": "SuperSonic.bmp", "Rect": "496,741,48,56", "Center": "24,28" },
	"supersonic_springtwirl_1":  { "File": "SuperSonic.bmp", "Rect": "545,741,48,56", "Center": "24,28" },
	"supersonic_springtwirl_2":  { "File": "SuperSonic.bmp", "Rect": "594,741,48,56", "Center": "24,28" },
	"supersonic_springtwirl_3":  { "File": "SuperSonic.bmp", "Rect": "643,741,48,56", "Center": "24,28" },
	"supersonic_springtwirl_4":  { "File": "SuperSonic.bmp", "Rect": "692,741,48,56", "Center": "24,28" },
	"supersonic_springtwirl_5":  { "File": "SuperSonic.bmp", "Rect": "741,741,48,56", "Center": "24,28" },
	"supersonic_springtwirl_6":  { "File": "SuperSonic.bmp", "Rect": "790,741,48,56", "Center": "24,28" },
	"supersonic_springtwirl_7":  { "File": "SuperSonic.bmp", "Rect": "839,741,48,56", "Center": "24,28" },
	"supersonic_springtwirl_8":  { "File": "SuperSonic.bmp", "Rect": "888,741,48,56", "Center": "24,28" },
	"supersonic_springtwirl_9":  { "File": "SuperSonic.bmp", "Rect": "937,741,48,56", "Center": "24,28" },
	"supersonic_skid_0":  { "File": "SuperSonic.bmp", "Rect": "2,537,48,48", "Center": "20,28" },
	"supersonic_skid_1":  { "File": "SuperSonic.bmp", "Rect": "51,537,48,48", "Center": "20,28" },
	"supersonic_skid_2":  { "File": "SuperSonic.bmp", "Rect": "100,537,48,48", "Center": "20,28" },
	"supersonic_skid_3":  { "File": "SuperSonic.bmp", "Rect": "149,537,48,48", "Center": "20,28" },
	"supersonic_skid_4":  { "File": "SuperSonic.bmp", "Rect": "198,537,48,48", "Center": "20,28" },
	"supersonic_skid_5":  { "File": "SuperSonic.bmp", "Rect": "247,537,48,48", "Center": "20,28" },
	"supersonic_skid_6":  { "File": "SuperSonic.bmp", "Rect": "296,537,48,48", "Center": "20,28" },
	"supersonic_skid_7":  { "File": "SuperSonic.bmp", "Rect": "345,537,48,48", "Center": "20,28" },
	"supersonic_skid_8":  { "File": "SuperSonic.bmp", "Rect": "394,537,48,48", "Center": "20,28" },
	"supersonic_skidturn_0":  { "File": "SuperSonic.bmp", "Rect": "443,537,48,48", "Center": "20,28" },
	"supersonic_skidturn_1":  { "File": "SuperSonic.bmp", "Rect": "492,537,48,48", "Center": "20,28" },
	"supersonic_skidturn_2":  { "File": "SuperSonic.bmp", "Rect": "541,537,48,48", "Center": "20,28" },
	"supersonic_twister_0":  { "File": "SuperSonic.bmp", "Rect": "2,426,48,48", "Center": "24,28" },
	"supersonic_twister_1":  { "File": "SuperSonic.bmp", "Rect": "51,426,48,48", "Center": "24,28" },
	"supersonic_twister_2":  { "File": "SuperSonic.bmp", "Rect": "100,426,48,48", "Center": "24,28" },
	"supersonic_twister_3":  { "File": "SuperSonic.bmp", "Rect": "149,426,48,48", "Center": "24,28" },
	"supersonic_twister_4":  { "File": "SuperSonic.bmp", "Rect": "198,426,48,48", "Center": "24,28" },
	"supersonic_twister_5":  { "File": "SuperSonic.bmp", "Rect": "247,426,48,48", "Center": "24,28" },
	"supersonic_twister_6":  { "File": "SuperSonic.bmp", "Rect": "296,426,48,48", "Center": "24,28" },
	"supersonic_twister_7":  { "File": "SuperSonic.bmp", "Rect": "345,426,48,48", "Center": "24,28" },
	"supersonic_twister_8":  { "File": "SuperSonic.bmp", "Rect": "394,426,48,48", "Center": "24,28" },
	"supersonic_twister_9":  { "File": "SuperSonic.bmp", "Rect": "443,426,48,48", "Center": "24,28" },
	"supersonic_twister_10":  { "File": "SuperSonic.bmp", "Rect": "492,426,48,48", "Center": "24,28" },
	"supersonic_twister_11":  { "File": "SuperSonic.bmp", "Rect": "541,426,48,48", "Center": "24,28" },
	"supersonic_twister_12":  { "File": "SuperSonic.bmp", "Rect": "590,426,48,48", "Center": "24,28" },
	"supersonic_twister_13":  { "File": "SuperSonic.bmp", "Rect": "639,426,48,48", "Center": "24,28" },
	"supersonic_twister_14":  { "File": "SuperSonic.bmp", "Rect": "688,426,48,48", "Center": "24,28" },
	"supersonic_twister_15":  { "File": "SuperSonic.bmp", "Rect": "737,426,48,48", "Center": "24,28" },
	"supersonic_twister_16":  { "File": "SuperSonic.bmp", "Rect": "786,426,48,48", "Center": "24,28" },
	"supersonic_twister_17":  { "File": "SuperSonic.bmp", "Rect": "835,426,48,48", "Center": "24,28" },
	"supersonic_twister_18":  { "File": "SuperSonic.bmp", "Rect": "884,426,48,48", "Center": "24,28" },
	"supersonic_twister_19":  { "File": "SuperSonic.bmp", "Rect": "933,426,48,48", "Center": "24,28" },
	"supersonic_twister_20":  { "File": "SuperSonic.bmp", "Rect": "982,426,48,48", "Center": "24,28" },
	"supersonic_twister_21":  { "File": "SuperSonic.bmp", "Rect": "1031,426,48,48", "Center": "24,28" },
	"supersonic_twister_22":  { "File": "SuperSonic.bmp", "Rect": "1080,426,48,48", "Center": "24,28" },
	"supersonic_twister_23":  { "File": "SuperSonic.bmp", "Rect": "1129,426,48,48", "Center": "24,28" },
	"supersonic_hang_move_0":  { "File": "SuperSonic.bmp", "Rect": "824,584,48,64", "Center": "24,36" },
	"supersonic_hang_move_1":  { "File": "SuperSonic.bmp", "Rect": "873,584,48,64", "Center": "24,36" },
	"supersonic_hang_move_2":  { "File": "SuperSonic.bmp", "Rect": "922,584,48,64", "Center": "24,36" },
	"supersonic_hang_move_3":  { "File": "SuperSonic.bmp", "Rect": "971,584,48,64", "Center": "24,36" },
	"supersonic_hang_move_4":  { "File": "SuperSonic.bmp", "Rect": "1020,584,48,64", "Center": "24,36" },
	"supersonic_hang_move_5":  { "File": "SuperSonic.bmp", "Rect": "1069,584,48,64", "Center": "24,36" },
	"supersonic_hang_move_6":  { "File": "SuperSonic.bmp", "Rect": "1118,584,48,64", "Center": "24,36" },
	"supersonic_hang_move_7":  { "File": "SuperSonic.bmp", "Rect": "1167,584,48,64", "Center": "24,36" },
	"supersonic_hang_move_8":  { "File": "SuperSonic.bmp", "Rect": "1216,584,48,64", "Center": "24,36" },
	"supersonic_hang_move_9":  { "File": "SuperSonic.bmp", "Rect": "1265,584,48,64", "Center": "24,36" },
	"supersonic_hang_move_10":  { "File": "SuperSonic.bmp", "Rect": "1314,584,48,64", "Center": "24,36" },
	"supersonic_hang_move_11":  { "File": "SuperSonic.bmp", "Rect": "1363,584,48,64", "Center": "24,36" },
	"supersonic_fall_0":  { "File": "SuperSonic.bmp", "Rect": "2,123,48,48", "Center": "24,28" },
	"supersonic_fall_1":  { "File": "SuperSonic.bmp", "Rect": "51,123,48,48", "Center": "24,28" },
	"supersonic_fall_2":  { "File": "SuperSonic.bmp", "Rect": "100,123,48,48", "Center": "24,28" },
	"supersonic_fall_3":  { "File": "SuperSonic.bmp", "Rect": "149,123,48,48", "Center": "24,28" },
	"SuperSonic_Looking_up_0":  { "File": "SuperSonic.bmp", "Rect": "10,741,48,48", "Center": "24,28" },
	"SuperSonic_Looking_up_1":  { "File": "SuperSonic.bmp", "Rect": "59,741,48,48", "Center": "24,28" },
	"SuperSonic_Looking_up_2":  { "File": "SuperSonic.bmp", "Rect": "108,741,48,48", "Center": "24,28" },
	"SuperSonic_Looking_up_3":  { "File": "SuperSonic.bmp", "Rect": "157,741,48,48", "Center": "24,28" },
	"SuperSonic_Looking_up_4":  { "File": "SuperSonic.bmp", "Rect": "206,741,48,48", "Center": "24,28" },
	"SuperSonic_Looking_down_0":  { "File": "SuperSonic.bmp", "Rect": "266,741,48,48", "Center": "24,28" },
	"SuperSonic_Looking_down_1":  { "File": "SuperSonic.bmp", "Rect": "315,741,48,48", "Center": "24,28" },
	"SuperSonic_Looking_down_2":  { "File": "SuperSonic.bmp", "Rect": "364,741,48,48", "Center": "24,28" },
	"SuperSonic_Looking_down_3":  { "File": "SuperSonic.bmp", "Rect": "413,741,48,48", "Center": "24,28" }
}