{
	"supersonic_DDZ_0":  { "File": "SuperSonic.bmp", "Rect": "1011,1018,48,48", "Center": "24,28" },
	"supersonic_DDZ_1":  { "File": "SuperSonic.bmp", "Rect": "1060,1018,48,48", "Center": "24,28" },
	"supersonic_DDZ_2":  { "File": "SuperSonic.bmp", "Rect": "1109,1018,48,48", "Center": "24,28" },
	"supersonic_DDZ_3":  { "File": "SuperSonic.bmp", "Rect": "1158,1018,48,48", "Center": "24,28" },
	"hypersonic_DDZ_0":  { "File": "SuperSonic.bmp", "Rect": "1210,1018,48,48", "Center": "24,28" },
	"hypersonic_DDZ_1":  { "File": "SuperSonic.bmp", "Rect": "1259,1018,48,48", "Center": "24,28" },
	"hypersonic_DDZ_2":  { "File": "SuperSonic.bmp", "Rect": "1308,1018,48,48", "Center": "24,28" },
	"hypersonic_DDZ_3":  { "File": "SuperSonic.bmp", "Rect": "1357,1018,48,48", "Center": "24,28" },
	"hypersonic_DDZlow_0":  { "File": "SuperSonic.bmp", "Rect": "1210,1067,48,48", "Center": "24,28" },
	"hypersonic_DDZlow_1":  { "File": "SuperSonic.bmp", "Rect": "1259,1067,48,48", "Center": "24,28" },
	"hypersonic_DDZlow_2":  { "File": "SuperSonic.bmp", "Rect": "1308,1067,48,48", "Center": "24,28" },
	"hypersonic_DDZlow_3":  { "File": "SuperSonic.bmp", "Rect": "1357,1067,48,48", "Center": "24,28" },
	
	"hypersonic_DDZUP_0":  { "File": "SuperSonic.bmp", "Rect": "1210,969,48,48", "Center": "24,28" },
	"hypersonic_DDZUP_1":  { "File": "SuperSonic.bmp", "Rect": "1259,969,48,48", "Center": "24,28" },
	"hypersonic_DDZUP_2":  { "File": "SuperSonic.bmp", "Rect": "1308,969,48,48", "Center": "24,28" },
	"hypersonic_DDZUP_3":  { "File": "SuperSonic.bmp", "Rect": "1357,969,48,48", "Center": "24,28" },
	"hypersonic_DDZDOWN_0":  { "File": "SuperSonic.bmp", "Rect": "1210,920,48,48", "Center": "24,28" },
	"hypersonic_DDZDOWN_1":  { "File": "SuperSonic.bmp", "Rect": "1259,920,48,48", "Center": "24,28" },
	"hypersonic_DDZDOWN_2":  { "File": "SuperSonic.bmp", "Rect": "1308,920,48,48", "Center": "24,28" },
	"hypersonic_DDZDOWN_3":  { "File": "SuperSonic.bmp", "Rect": "1357,920,48,48", "Center": "24,28" },

	"supersonic_ld_0":  { "File": "supercrouch.bmp", "Rect": "0,0,48,48", "Center": "24,28" },
	"supersonic_ld_1":  { "File": "supercrouch.bmp", "Rect": "49,0,48,48", "Center": "24,28" },
	"supersonic_ld_2":  { "File": "supercrouch.bmp", "Rect": "98,0,48,48", "Center": "24,28" },
	"supersonic_ld_3":  { "File": "supercrouch.bmp", "Rect": "147,0,48,48", "Center": "24,28" },
	"supersonic_ld_4":  { "File": "supercrouch.bmp", "Rect": "49,0,48,48", "Center": "24,28" }
}