{
	"Metadata":
	{
		"Name": "-Mania Sonic Deluxe!-",
		"Author": "Phantom Studio",
		"UniqueID": "MSD!",
		"Description": "Mania Sonic has never been more alive!",
		"URL": "https://gamebanana.com/mods/510582",
		"ModVersion": "The New Next Level (part 1)"
	},
	"Settings":
{
	"SorryToThe2MySuperHeroMovieEnjoyers":
	[
		{
			"InternalName": "MSD.01",
			"DisplayName": "Mod type",
			"Variable": "FMA",
			"DefaultValue": "0",
			"Category": "Global",
			"Options":
			{
				"0": "Mania",
				"1": "Vanilla"
			}
		},
		{
			"InternalName": "MSD.02",
			"DisplayName": "Peel out style",
			"Variable": "sonic.peel",
			"DefaultValue": "1",
			"Category": "Global",
			"Options":
			{
				"0": "SegaSonic",
				"1": "Mania",
				"2": "CD",
				"3": "S2 Beta",
				"4": "CD alt",
				"5": "Junio-like"
			}
		},

		{
			
			"InternalName": "MSD.03",
			"DisplayName": "Sonic Palette",
			"Variable": "sonic.palette",
			"DefaultValue": "0",
			"Category": "Palette Switching",
			"Options":
			{
				"0": "-Mania-",
				"1": "-Sonic 1-",
				"11": "-Sonic 2-",
				"12": "-Sonic 3-",
				"13": "-R3Shaded-",
				"111": "-Miracle-", 
				"132": "-32X-", 
				"133": "-Rush-",
				"14": "-Rusty Chroma-",
				"15": "-Mixed Flavours-",
				"16": "-Electric blue-",
				"17": "-Game Gear-",
				"18": "-SegaSonic-",
				"19": "-Sonic Chaos-",
				"20": "-Sonic Ultimate-",
				"21": "-GBA-",
				"22": "-Jor's-",
				"23": "-Galactic Nova-",
				"24": "-Ashura-",
				"25": "-Prismatic-",
				"26": "-Borron Azul-",
				"28": "-Modern-", 
				"29": "-Chill-",
				"134": "-TMOSTH-",
				"30": "-Prime-",
				"31": "-Gav's-"
			}
		},
		{
			"InternalName": "MSD.04",
			"DisplayName": "Mania Hyper palette",
			"Variable": "sonic.hyper",
			"DefaultValue": "0",
			"Category": "Palette Switching",
			"Options":
			{
				"0": "-DWE-",
				"1": "-MerceJT-",
				"2": "-Jor4nd0s-",
				"3": "-Arana-"
			}
		},

		{
			"InternalName": "MSD.05",
			"DisplayName": "Unique HUD",
			"Variable": "sHUD",
			"DefaultValue": "0",
			"Category": "HUD",
			"Options":
			{
				"0": "Enabled",
				"1": "Disabled"
			}
		},
		{
			"InternalName": "MSD.06",
			"DisplayName": "Super/Hyper HUD set",
			"Variable": "superHUD",
			"DefaultValue": "0",
			"Category": "HUD",
			"Options":
			{
				"0": "A",
				"1": "B"
			}
		},

		{

			"InternalName": "MSD.07",
			"DisplayName": "Standing animation",
			"Variable": "stand",
			"DefaultValue": "0",
			"Category": "Animation Toggling",
			"Options":
			{
				"0": "Enabled",
				"1": "Disabled"
			}
		},
		{

			"InternalName": "MSD.08",

			"DisplayName": "Fluid Idle",
			"Variable": "SMidle",
			"DefaultValue": "0",
			"Category": "Animation Toggling",
			"Options":
			{
				"0": "Enabled",
				"1": "Disabled"
			}
		},
		{

			"InternalName": "MSD.09",

			"DisplayName": "Spring Twirl",
			"Variable": "Twirl",
			"DefaultValue": "0",
			"Category": "Animation Toggling",
			"Options":
			{
				"0": "Enabled",
				"1": "Disabled"
			}
		},
		{
			"InternalName": "MSD.10",
			"DisplayName": "Falling animation",
			"Variable": "sonicfall",
			"DefaultValue": "0",
			"Category": "Animation Toggling",
			"Options":
			{
				"0": "Built in",
				"1": "Manual Override/Disable"
			}
		},
		{
			"InternalName": "MSD.11",
			"DisplayName": "Swimwalk Animation",
			"Variable": "waterwalk",
			"DefaultValue": "0",
			"Category": "Animation Toggling",
			"Options":
			{
				"0": "Enabled",
				"1": "Disabled"
			}
		},
		{
			"InternalName": "MSD.12",
			"DisplayName": "Peelout charging",
			"Variable": "pcharge",
			"DefaultValue": "0",
			"Category": "Animation Toggling",
			"Options":
			{
				"0": "Enabled",
				"1": "Disabled"
			}
		},

		{
			"InternalName": "MSD.13",
			"DisplayName": "Walking animation",
			"Variable": "WalkAnim",
			"DefaultValue": "0",
			"Category": "Walk cycle animations",
			"Options":
			{
				"0": "Mania",
				"1": "Sonic 2",
				"2": "Sonic 2 Prototype"
			}
		},
		{

			"InternalName": "MSD.14",
			"DisplayName": "Jog Animation",
			"Variable": "jogStyle",
			"DefaultValue": "2",
			"Category": "Walk cycle animations",
			"Options":
			{
				"1": "Mania",
				"2": "Junio-like"
			}
		},
		{
			"InternalName": "MSD.15",
			"DisplayName": "Running animation",
			"Variable": "RunAnim",
			"DefaultValue": "0",
			"Category": "Walk cycle animations",
			"Options":
			{
				"0": "Mania",
				"1": "Sonic 2 Beta"
			}
		},
		

		{
			"InternalName": "MSD.16",
			"DisplayName": "Roll behavior",
			"Variable": "rolltype",
			"DefaultValue": "0",
			"Category": "Moveset animations",
			"Options":
			{
				"0": "Mania",
				"1": "Static"
			}
		},
		{

			"InternalName": "MSD.17",
			"DisplayName": "Spindash animation",
			"Variable": "SR",
			"DefaultValue": "0",
			"Category": "Moveset animations",
			"Options":
			{
				"0": "Mania",
				"1": "CD (roll)"
			}
		},
		{

			"InternalName": "MSD.18",
			"DisplayName": "Dropdash animation",
			"Variable": "DD",
			"DefaultValue": "0",
			"Category": "Moveset animations",
			"Options":
			{
				"0": "Mania",
				"1": "SA cover"
			}
		},

		{
			"InternalName": "MSD.19",
			"DisplayName": "Falling animation",
			"Variable": "FallingAnim",
			"DefaultValue": "0",
			"Category": "Aditional Animations",
			"Options":
			{
				"0": "Airwalk",
				"1": "Deluxe",
				"2": "I'm outta here",
				"3": "I'm outta here beta"
			}
		},
		{
			"InternalName": "MSD.20",
			"DisplayName": "Twirl speed style",
			"Variable": "TwirlSpeed",
			"DefaultValue": "2",
			"Category": "Aditional Animations",
			"Options":
			{
				"2": "Fluid",
				"3": "Smooth"
			}
		},
		{
			"InternalName": "MSD.201",
			"DisplayName": "Idle animation",
			"Variable": "Idling",
			"DefaultValue": "0",
			"Category": "Aditional Animations",
			"Options":
			{
				"0": "Mania",
				"1": "Sonic 1",
				"2": "Sonic 2"
			}
		},
		{

			"InternalName": "MSD.21",
			"DisplayName": "Cowering animation",
			"Variable": "LookStyle",
			"DefaultValue": "0",
			"Category": "Aditional Animations",
			"Options":
			{
				"0": "Mania",
				"1": "Super-esque"
			}
		},
		{
			"InternalName": "MSD.22",
			"DisplayName": "Tornado animation",
			"Variable": "TornadoAnim",
			"DefaultValue": "0",
			"Category": "Aditional Animations",
			"Options":
			{
				"0": "Mania",
				"1": "Alt cowering"
			}
		},

		{
			"InternalName": "MSD.23",
			"DisplayName": "Rolling",
			"Variable": "super.roll",
			"DefaultValue": "1",
			"Category": "Super Sonic Animations",
			"Options":
			{
				"0": "Mania",
				"1": "Unique"
			}
		},
		{
			"InternalName": "MSD.25",
			"DisplayName": "Max Dash",
			"Variable": "SuperMaxDash",
			"DefaultValue": "1",
			"Category": "Super Sonic Animations",
			"Options":
			{
				"0": "Mania",
				"1": "Chaotix",
				"2": "Triple Trouble"
			}
		}
	]		
}
}