{
	"bluesphere_tails_tails_0x01":  { "File": "bluesphere_tails_tails.bmp", "Rect": "4,4,17,24", "Center": "9,16" },
	"bluesphere_tails_tails_0x02":  { "File": "bluesphere_tails_tails.bmp", "Rect": "24,3,24,25", "Center": "9,16" },
	"bluesphere_tails_tails_0x03":  { "File": "bluesphere_tails_tails.bmp", "Rect": "48,8,24,17", "Center": "8,7" },
	"bluesphere_tails_tails_0x04":  { "File": "bluesphere_tails_tails.bmp", "Rect": "76,4,16,24", "Center": "7,12" },
	"bluesphere_tails_tails_0x05":  { "File": "bluesphere_tails_tails.bmp", "Rect": "100,0,16,32", "Center": "8,20" },
	"bluesphere_tails_tails_0x06":  { "File": "bluesphere_tails_tails.bmp", "Rect": "120,4,24,26", "Center": "13,21" },
	"bluesphere_tails_tails_0x07":  { "File": "bluesphere_tails_tails.bmp", "Rect": "146,4,19,24", "Center": "11,24" },
	"bluesphere_tails_tails_0x08":  { "File": "bluesphere_tails_tails.bmp", "Rect": "171,4,17,24", "Center": "10,16" },
	"bluesphere_tails_tails_0x09":  { "File": "bluesphere_tails_tails.bmp", "Rect": "192,3,24,25", "Center": "17,16" },
	"bluesphere_tails_tails_0x0a":  { "File": "bluesphere_tails_tails.bmp", "Rect": "216,8,24,17", "Center": "17,7" },
	"bluesphere_tails_tails_0x0b":  { "File": "bluesphere_tails_tails.bmp", "Rect": "244,4,16,24", "Center": "11,12" },
	"bluesphere_tails_tails_0x0c":  { "File": "bluesphere_tails_tails.bmp", "Rect": "268,0,16,32", "Center": "9,20" },
	"bluesphere_tails_tails_0x0d":  { "File": "bluesphere_tails_tails.bmp", "Rect": "288,4,24,26", "Center": "13,20" },
	"bluesphere_tails_tails_0x0e":  { "File": "bluesphere_tails_tails.bmp", "Rect": "315,4,19,24", "Center": "10,20" }
}