{
	"Mhud_text_score":  { "File": "hud_text_sprites.png", "Rect": "0,0,41,14", "Center": "1,0" },
	"Mhud_text_time":  { "File": "hud_text_sprites.png", "Rect": "0,14,33,14", "Center": "1,0" },
	"Mhud_text_time_red":  { "File": "hud_text_sprites.png", "Rect": "0,126,33,14", "Center": "1,0" },
	"Mhud_text_rings":  { "File": "hud_text_sprites.png", "Rect": "0,28,41,14", "Center": "1,0" },
	"Mhud_text_rings_red":  { "File": "hud_text_sprites.png", "Rect": "0,112,41,14", "Center": "1,0" },
	"Mhud_text_ring":  { "File": "hud_text_sprites.png", "Rect": "0,70,33,14", "Center": "1,0" },
	"Mhud_text_bonus":  { "File": "hud_text_sprites.png", "Rect": "0,42,166,14", "Center": "1,0" },
	"Mhud_text_total":  { "File": "hud_text_sprites.png", "Rect": "0,56,186,14", "Center": "1,0" },
	"Mhud_text_score_chaosstage":  { "File": "hud_text_sprites.png", "Rect": "0,0,41,14", "Center": "1,0" },
	"Mhud_text_ring_chaosstage":  { "File": "hud_text_sprites.png", "Rect": "0,70,33,14", "Center": "1,0" },
	"Mhud_text_bonus_chaosstage":  { "File": "hud_text_sprites.png", "Rect": "0,42,43,14", "Center": "1,0" },
	"Mhud_text_perfect_chaosstage":  { "File": "hud_text_sprites.png", "Rect": "0,84,57,14", "Center": "1,0" },
	"Mhud_text_continue_chaosstage":  { "File": "hud_text_sprites.png", "Rect": "0,98,65,14", "Center": "1,0" },
	"Mhud_text_score_superstage":  { "File": "hud_text_sprites.png", "Rect": "0,0,41,14", "Center": "1,0" },
	"Mhud_text_ring_superstage":  { "File": "hud_text_sprites.png", "Rect": "0,70,33,14", "Center": "1,0" },
	"Mhud_text_bonus_superstage":  { "File": "hud_text_sprites.png", "Rect": "0,42,43,14", "Center": "1,0" },
	"Mhud_text_perfect_superstage":  { "File": "hud_text_sprites.png", "Rect": "0,84,57,14", "Center": "1,0" },
	"Mhud_text_continue_superstage":  { "File": "hud_text_sprites.png", "Rect": "0,98,65,14", "Center": "1,0" },
	"Mhud_bonus_icon_blue":  { "File": "hud_text_sprites.png", "Rect": "0,0,1,1", "Center": "0,0" },
	"Mhud_bonus_icon_orange":  { "File": "hud_text_sprites.png", "Rect": "0,0,1,1", "Center": "0,0" },
	"Mhud_bonus_icon_red":  { "File": "hud_text_sprites.png", "Rect": "0,0,1,1", "Center": "0,0" },
	"Mhud_digit_0":  { "File": "hud_text_sprites.png", "Rect": "0,140,9,14", "Center": "-2,0" },
	"Mhud_digit_1":  { "File": "hud_text_sprites.png", "Rect": "10,140,6,14", "Center": "-3,0" },
	"Mhud_digit_2":  { "File": "hud_text_sprites.png", "Rect": "17,140,9,14", "Center": "-2,0" },
	"Mhud_digit_3":  { "File": "hud_text_sprites.png", "Rect": "27,140,9,14", "Center": "-2,0" },
	"Mhud_digit_4":  { "File": "hud_text_sprites.png", "Rect": "37,140,9,14", "Center": "-2,0" },
	"Mhud_digit_5":  { "File": "hud_text_sprites.png", "Rect": "47,140,9,14", "Center": "-2,0" },
	"Mhud_digit_6":  { "File": "hud_text_sprites.png", "Rect": "0,154,9,14", "Center": "-2,0" },
	"Mhud_digit_7":  { "File": "hud_text_sprites.png", "Rect": "10,154,9,14", "Center": "-2,0" },
	"Mhud_digit_8":  { "File": "hud_text_sprites.png", "Rect": "20,154,9,14", "Center": "-2,0" },
	"Mhud_digit_9":  { "File": "hud_text_sprites.png", "Rect": "30,154,9,14", "Center": "-2,0" },
	"Mhud_digit_0_chaosstage":  { "File": "hud_text_sprites.png", "Rect": "0,140,9,14", "Center": "-2,0" },
	"Mhud_digit_1_chaosstage":  { "File": "hud_text_sprites.png", "Rect": "10,140,6,14", "Center": "-3,0" },
	"Mhud_digit_2_chaosstage":  { "File": "hud_text_sprites.png", "Rect": "17,140,9,14", "Center": "-2,0" },
	"Mhud_digit_3_chaosstage":  { "File": "hud_text_sprites.png", "Rect": "27,140,9,14", "Center": "-2,0" },
	"Mhud_digit_4_chaosstage":  { "File": "hud_text_sprites.png", "Rect": "37,140,9,14", "Center": "-2,0" },
	"Mhud_digit_5_chaosstage":  { "File": "hud_text_sprites.png", "Rect": "47,140,9,14", "Center": "-2,0" },
	"Mhud_digit_6_chaosstage":  { "File": "hud_text_sprites.png", "Rect": "0,154,9,14", "Center": "-2,0" },
	"Mhud_digit_7_chaosstage":  { "File": "hud_text_sprites.png", "Rect": "10,154,9,14", "Center": "-2,0" },
	"Mhud_digit_8_chaosstage":  { "File": "hud_text_sprites.png", "Rect": "20,154,9,14", "Center": "-2,0" },
	"Mhud_digit_9_chaosstage":  { "File": "hud_text_sprites.png", "Rect": "30,154,9,14", "Center": "-2,0" },
	"Mhud_char_colon":  { "File": "hud_text_sprites.png", "Rect": "40,156,5,10", "Center": "-4,-2" },
	"Mhud_char_minutes":  { "File": "hud_text_sprites.png", "Rect": "46,154,5,7", "Center": "-3,2" },
	"Mhud_char_seconds":  { "File": "hud_text_sprites.png", "Rect": "52,154,9,7", "Center": "-2,2" },
	"Mcontinue_icon_sonic":  { "File": "hud_text_sprites.png", "Rect": "0,169,16,23", "Center": "9,22" },
	"Mhud_smalldigit_0":  { "File": "hud_text_sprites.png", "Rect": "0,140,9,14", "Center": "-3,6" },
	"Mhud_smalldigit_1":  { "File": "hud_text_sprites.png", "Rect": "10,140,6,14", "Center": "-4,6" },
	"Mhud_smalldigit_2":  { "File": "hud_text_sprites.png", "Rect": "17,140,9,14", "Center": "-3,6" },
	"Mhud_smalldigit_3":  { "File": "hud_text_sprites.png", "Rect": "27,140,9,14", "Center": "-3,6" },
	"Mhud_smalldigit_4":  { "File": "hud_text_sprites.png", "Rect": "37,140,9,14", "Center": "-3,6" },
	"Mhud_smalldigit_5":  { "File": "hud_text_sprites.png", "Rect": "47,140,9,14", "Center": "-3,6" },
	"Mhud_smalldigit_6":  { "File": "hud_text_sprites.png", "Rect": "0,154,9,14", "Center": "-3,6" },
	"Mhud_smalldigit_7":  { "File": "hud_text_sprites.png", "Rect": "10,154,9,14", "Center": "-3,6" },
	"Mhud_smalldigit_8":  { "File": "hud_text_sprites.png", "Rect": "20,154,9,14", "Center": "-3,6" },
	"Mhud_smalldigit_9":  { "File": "hud_text_sprites.png", "Rect": "30,154,9,14", "Center": "-3,6" }
}