{
	"hud_lives_icon_supersonicB":  { "File": "hud_lives.bmp", "Rect": "4,2,34,22", "Center": "4,6" },
	"hud_lives_icon_hypersonicB":  { "File": "hud_lives.bmp", "Rect": "4,26,34,22", "Center": "4,6" },
	"hud_lives_icon_sonic":  { "File": "hud_lives.bmp", "Rect": "3,51,34,22", "Center": "4,6" },
	"hud_lives_icon_supersonicA":  { "File": "hud_lives.bmp", "Rect": "46,2,34,22", "Center": "4,6" },
	"hud_lives_icon_hypersonicA":  { "File": "hud_lives.bmp", "Rect": "46,26,34,22", "Center": "4,6" },
	"hud_lives_text_supersonicB":  { "File": "hud_lives_text.png", "Rect": "3,2,34,22", "Center": "4,6" },
	"hud_lives_text_hypersonicB":  { "File": "hud_lives_text.png", "Rect": "3,26,34,22", "Center": "4,6" },
	"hud_lives_text_sonic":  { "File": "hud_lives_text.png", "Rect": "3,51,34,22", "Center": "4,6" },
	"hud_lives_text_supersonicA":  { "File": "hud_lives_text.png", "Rect": "46,2,34,22", "Center": "4,6" },
	"hud_lives_text_hypersonicA":  { "File": "hud_lives_text.png", "Rect": "46,26,34,22", "Center": "4,6" },
	"hud_lives_anim_":  { "File": "hyperHUDanim.png", "Rect": "1,1,1,1", "Center": "1,1" },
	"hud_lives_animB_0":  { "File": "hyperHUDanim.png", "Rect": "1,1,1,1", "Center": "1,1" },
	"hud_lives_animB_1":  { "File": "hyperHUDanim.png", "Rect": "0,2,37,22", "Center": "7,6" },
	"hud_lives_animB_2":  { "File": "hyperHUDanim.png", "Rect": "0,26,37,22", "Center": "7,6" },
	"hud_lives_animB_3":  { "File": "hyperHUDanim.png", "Rect": "1,1,1,1", "Center": "1,1" },
	"hud_lives_animB_4":  { "File": "hyperHUDanim.png", "Rect": "1,1,1,1", "Center": "1,1" },
	"hud_lives_animB_5":  { "File": "hyperHUDanim.png", "Rect": "0,51,37,22", "Center": "7,6" },
	"hud_lives_animB_6":  { "File": "hyperHUDanim.png", "Rect": "1,1,1,1", "Center": "1,1" },
	"hud_lives_animB_7":  { "File": "hyperHUDanim.png", "Rect": "0,26,37,22", "Center": "7,6" },
	
	"hud_lives_animA_0":  { "File": "hyperHUDanim.png", "Rect": "1,1,1,1", "Center": "1,1" },
	"hud_lives_animA_1":  { "File": "hyperHUDanim.png", "Rect": "43,2,37,22", "Center": "4,6" },
	"hud_lives_animA_2":  { "File": "hyperHUDanim.png", "Rect": "43,26,37,22", "Center": "4,6" },
	"hud_lives_animA_3":  { "File": "hyperHUDanim.png", "Rect": "1,1,1,1", "Center": "1,1" },
	"hud_lives_animA_4":  { "File": "hyperHUDanim.png", "Rect": "1,1,1,1", "Center": "1,1" },
	"hud_lives_animA_5":  { "File": "hyperHUDanim.png", "Rect": "46,51,34,22", "Center": "4,6" },
	"hud_lives_animA_6":  { "File": "hyperHUDanim.png", "Rect": "1,1,1,1", "Center": "1,1" },
	"hud_lives_animA_7":  { "File": "hyperHUDanim.png", "Rect": "46,51,34,22", "Center": "4,6" }
}